File Name,Emotion
1_ssstik.io_1673709590583.mp3,Melancholic
1_brentchaissonmusic_1670812295_7176084116687932677.mp3,Emotional
1_ashishpanwar034_1571300760_6748685361418980609.mp3,Majestic
0_caspolnews_1645720028_7068313695092280581.mp3,Brooding
2_peacockle_1606109530_6898187702403894533.mp3,Happy
0_sofiiabudnyk_1656790986_7115863082680831237.mp3,Hopeful
1_eyeswideopen1984_1672566771_7183619544991157510.mp3,Energetic
1_leaveourcountryb_1671325164_7178286899302288646.mp3,Cheerful
0_rena.vizsla_1645967805_7069377889950534918.mp3,Passionate
2_prodavets_grobov_1616399648_6942383574054161669.mp3,Sad
2_thereporterasia_1614434404_6933942955480796418.mp3,Dark
2_phimhaytonghop_1601519796_6878475132659223809.mp3,Sad
0_khrystyna.barna_1656347137_7113956773299522822.mp3,Sad
2_mythuanpham7_1605871812_6897166903387688194.mp3,Serious
2_nbctiktok_1603700459_6887840990212803842.mp3,Positive
0_fundiambb1_1662863982_7141946412983405866.mp3,Dramatic
2_xkompl_1595937484_6854499284004424966.mp3,Passionate
1_mohit__14_1572321323_6753068631460039937.mp3,Brooding
1_birgitteoerregaard_1661062075_7134207209994571014.mp3,Emotional
2_gaixinhfullhd_1596079321_6855108451777907970.mp3,Powerful
1_satyajitmallick1999_1571719032_6750481824981552385.mp3,Powerful
2_bandaraofficial_1617036067_6945117008266595585.mp3,Mysterious
1_ssstik.io_1673710295516.mp3,Dramatic
1__van_dyk__1668981084_7168219152056913157.mp3,Powerful
1_reflection1356_1668218067_7164941999911570731.mp3,Joyful
2_ibra_cats_1627549083_6990270073243979013.mp3,Triumphant
1_delusionsofganja_1670285981_7173823626792258822.mp3,Dramatic
0_ris_nagarnir_1652898144_7099143465778318598.mp3,Brooding
1_deepak_jena_7438_929_1571147456_6748026923642899713.mp3,Dramatic
2_hehee30012000_1596517785_6856991610392071425.mp3,Melancholic
2_olivierhude_1601729827_6879377217156156673.mp3,Brooding
1_ssstik.io_1673709678388 (1).mp3,Emotional
1_Cópia de stainless2_1657551320_7119128692865076526.mp3,Emotional
1_rianfahardhi_1650016810_7086768229783178522.mp3,Dramatic
0_palyanitsaa_1649856711_7086080611609300229.mp3,Hopeful
0_dinovalerie__1660058921_7129898755800730886.mp3,Dramatic
2_kiky_o__1628795760_6995624518614043909.mp3,Melancholic
2_chu_van_nghiem_1627464906_6989908545722453275.mp3,Happy
1_Cópia de porknbeansperformance_1571817526_6750904817209609478.mp3,Mysterious
1_ssstik.io_1673709732944.mp3,Happy
0_avorasvok_1648826531_7081656025325096198.mp3,Emotional
0_phantom_._1_1663096873_7142946657766804742.mp3,Mysterious
0_bante_dudd_1662158909_7138918145070304555.mp3,Intense
1_eyeswideopen1984_1672812639_7184675532485709062.mp3,Serious
1_ssstik.io_1673709075129.mp3,Brooding
2_drajackielopez_1646953624_7073611946095889670.mp3,Melancholic
0_alex_d20ua_1656601670_7115049981249064197.mp3,Triumphant
0_joeycontino2_1671671149_7179772886448655658.mp3,Melancholic
1_scotttaylorcoach_1586441512_6813714399807671558.mp3,Cheerful
0_unique.planet_1651421990_7092803431152323846.mp3,Mysterious
1_illuminati_church__1647090034_7074197824799264006.mp3,Romantic
0_liquid_day_1668682858_7166938272285986053.mp3,Powerful
0_drawing_uliana_1672539346_7183501772000922886.mp3,Powerful
2_pe4enkata.official_1597152762_6859718838225800450.mp3,Serious
0_fundiambb1_1645740718_7068402551913745710.mp3,Melancholic
0_to.ne.ya_1653516255_7101798231528557829.mp3,Sad
0_map_nerd_1665262084_7152246144901467434.mp3,Melancholic
2_tummins_6.7_1670599165_7175168759940861190.mp3,Brooding
0_fundiambb1_1665173620_7151866200513875246.mp3,Dramatic
0_joeycontino2_1674679302_7192692755544509739.mp3,Passionate
1_debtman3535_1569517567_6741026606401309957.mp3,Melancholic
2_onlyfiber_1646000992_7069520428305354026.mp3,Melancholic
1_ssstik.io_1673709495029.mp3,Powerful
2_drdustinportela_1589602568_6827291025631972614.mp3,Sad
1_shaddowbannedagain_1658020766_7121144941081857286.mp3,Mysterious
0_malchyn_27_1646233872_7070520637063728390.mp3,Melancholic
0_fundiambb1_1663877401_7146298968018832682.mp3,Powerful
0_bearded_bee_man_1665937945_7155148935613599022.mp3,Serious
0_puryshev_mykhailo_1671712420_7179950145742638342.mp3,Powerful
1_Cópia de sashaalopezz_1662686228_7141182932047138053.mp3,Sad
2_thanhdolphin03082000_1595309268_6851801104452308225.mp3,Energetic
0_choppedbrain_1659951406_7129436977383918853.mp3,Powerful
0_pun1sher_ua_1649605546_7085001868807539974.mp3,Powerful
1_naughty_raja01_1571458271_6749361866633448706.mp3,Serious
1_prezelectcherryagain_1674481082_7191841375871044910.mp3,Powerful
1_sariaalto_1563513263_6715238332986559750.mp3,Emotional
1_jamessavoulidis_1673472636_7187510157222464769.mp3,Melancholic
0_toi_samiy_makar_1667915737_7163643512137714949.mp3,Powerful
2_yourlittle.uncle_1596470261_6856787506176789762.mp3,Positive
1_sashaalopezz_1662686228_7141182932047138053.mp3,Sad
2_naryki_1643038301_7056795762037919023.mp3,Triumphant
2_movilshop_official_1629999664_7000795241527725318.mp3,Powerful
1_ssstik.io_1673709506279.mp3,Happy
1_deepak_jena_7438_929_1571889848_6751215455496588545.mp3,Serious
2_buzzmoto_1620679423_6960765104459664645.mp3,Emotional
0_zelensky_fan01_official_1672144761_7181807038651993350.mp3,Romantic
1_jaganathasahoo7_1571167240_6748111860635061506.mp3,Serious
1_illuminati_church__1647231547_7074805603582971141.mp3,Emotional
0_youtubewagnerpanther_1660646262_7132421365944175899.mp3,Powerful
2_wyn._.247_1596107987_6855231580982480130.mp3,Romantic
2_empireallanii_1669018514_7168379906370407685.mp3,Happy
1_ayuda.al.planeta.al.100_1624419243_6976827498529131782.mp3,Dark
0_robroyyyy_1661191446_7134762914791181614.mp3,Passionate
2_linhlinhh2706_1595985157_6854703994313379074.mp3,Dark
0___prince_of_nothing___1665862085_7154823159676407046.mp3,Brooding
2_manoj.saru_1582539932_6796957240247979266.mp3,Mysterious
2_trinhkimtien1998_1597338660_6860517227427335425.mp3,Emotional
2_hehee30012000_1596183557_6855556146548198658.mp3,Sad
1_captain_mcfingle_1571825530_6750939202868759814.mp3,Dramatic
0_fundiambb1_1665177265_7151881853270510894(1).mp3,Passionate
1_shivambhadouriya45_1572925978_6755665595527744770.mp3,Brooding
2_cybarton_1639956737_7043560547123498287.mp3,Brooding
1_350.key_1657716378_7119837611895688474.mp3,Mysterious
1__jjokerr__1656053753_7112696674119683330.mp3,Serious
2_jonathanvera8952_1644117829_7061432299325263110.mp3,Brooding
0_germanempire.map_1672299518_7182471688574012678.mp3,Melancholic
2_lukastarnold_1609015640_6910669490619550981.mp3,Brooding
2_dannaalquati_1621103916_6962588289886964998.mp3,Dramatic
0_slovak.mapping__1663857663_7146214227127061766.mp3,Triumphant
2_tygirl9295_1596210388_6855671374447430914.mp3,Hopeful
1_ssstik.io_1673709549578.mp3,Happy
2_mimimuafirenze_1644344812_7062407186181344517.mp3,Positive
2_digitalmeasurement_1597141559_6859670720818007301.mp3,Brooding
0_the_french_republican_1669569899_7170748095154670853.mp3,Sad
2_rob13m__1607212271_6902924006790270214.mp3,Intense
2_darth_otterus_1614539597_6934394726397250822.mp3,Serious
1_butchbouchardq17_1660248656_7130713665522765061.mp3,Intense
0_f1re.jpg_1648914718_7082034783240375558.mp3,Joyful
1_deepak_jena_7438_929_1571399462_6749109287219416322.mp3,Emotional
0_nikokorr_1651455653_7092948009146682630.mp3,Hopeful
1_wideawakeclothing_1668529336_7166278914866777350.mp3,Powerful
1_kerigoncalves_1664288663_7148065319783828779.mp3,Cheerful
1_prezelectcherryagain_1674480917_7191840625581509931.mp3,Cheerful
2_batritv98_1596886627_6858575796903103745.mp3,Happy
2_phonerepairguru_1586381956_6813458615358246149.mp3,Emotional
1_ssstik.io_1673708988686.mp3,Energetic
1_ukaforceforgood_1668374191_7165612565727382789.mp3,Mysterious
2_duyav312_1595939003_6854505797846699265.mp3,Passionate
1_letsgobrandontoken_1674090388_7190163437358550318.mp3,Sad
1_ssstik.io_1673709137866.mp3,Emotional
0_fundiambb1_1667517178_7161931705488526638.mp3,Intense
1_Cópia de stevena2004_1579974621_6785939319103180037.mp3,Mysterious
0_big_tasty_talexa_1665989193_7155369016188620038.mp3,Dramatic
1_ssstik.io_1673709001495.mp3,Dramatic
2_telefonica_1635440216_7024162237375843590.mp3,Emotional
2_phanhang2093_1596206770_6855655842864319746.mp3,Powerful
2_lynk_lee_1595834270_6854055971900230913.mp3,Passionate
2_shin_sajang93_1595308740_6851798833408593153.mp3,Passionate
2_t_studio_crafts_1597474145_6861099161408834817.mp3,Positive
2_mehdintech.off_1613121682_6928304693315767557.mp3,Melancholic
1_haroldhartsock2_1674251913_7190857165387664682.mp3,Positive
1_irish1916irish_1674824329_7193315694958660869.mp3,Emotional
1_delusionsofganja_1669983481_7172524417786875141.mp3,Dramatic
2_fanmadamevinh_1597625307_6861748322130988290.mp3,Triumphant
1_butchbouchardq17_1660249652_7130717947303087366.mp3,Serious
1_bobbyqt23_1650073770_7087012874148744475.mp3,Mysterious
2_wvfrmpodcast_1643834005_7060213286683397382.mp3,Dark
1_deepak_jena_7438_929_1571150996_6748042128603024641.mp3,Majestic
1_cap_americaa_1658525514_7123312828727217454.mp3,Triumphant
2_nhakhoaso1_1595935060_6854488862677339394.mp3,Happy
0_russkijvukraine_1667327069_7161115218272111878.mp3,Sad
1_ashishpanwar034_1571298657_6748676329077607682.mp3,Melancholic
2_onlyfiber_1634243820_7019023756345576710.mp3,Intense
0_ukraine_strong_nation_1660746461_7132851723000974597.mp3,Melancholic
1_shivambhadouriya45_1571699926_6750399698722409730.mp3,Melancholic
0_im_givi.__1674141938_7190384857611062533.mp3,Melancholic
0_theaidrawing_1664545072_7149166619816758533.mp3,Melancholic
2_courtneyroseofficial_1632944813_7013444564497288454.mp3,Energetic
1_poojasharma9617_1571164129_6748098519162178818.mp3,Sad
1_ssstik.io_1673710245696.mp3,Brooding
0_tekhas_thasuke_witko_1651727369_7094115025434103086.mp3,Sad
0_future_ua_com_1665031072_7151253929458732294.mp3,Emotional
0_fandomua_1661268729_7135094831524728070.mp3,Dramatic
0_fedoseev_xx1_1649498409_7084541713968090374.mp3,Majestic
0_skynews_1661266890_7135086934958820613.mp3,Dramatic
0_sweetnikaa_1646421595_7071326902354529541.mp3,Emotional
2_kungfujeff_1601486327_6878331225895865605.mp3,Passionate
2_taptech.88_1660216871_7130577144857595163.mp3,Dramatic
2_kageihina_1594893571_6850015699776113921.mp3,Passionate
2_khalilslife_1599171347_6868388599205842181.mp3,Cheerful
1_deepak_jena_7438_929_1571137901_6747985859221409026.mp3,Romantic
2_antiherothai_official_1672654618_7183995779604827394.mp3,Happy
1_Cópia de coriharris2020_1657483383_7118836913066298670.mp3,Powerful
0_moisei.bondarenko_1656436926_7114342410565471494.mp3,Melancholic
1_ssstik.io_1673708759766.mp3,Powerful
1_themadartwumin_1656363629_7114027602158832901.mp3,Cheerful
2_bxg_tdt_1597512610_6861264326423006465.mp3,Happy
2_lenovo_1646267960_7070667045683285294.mp3,Dark
1_Cópia de stainless2_1663256154_7143630729505803566.mp3,Melancholic
1_libertyfreedom0_1651149558_7091633344735104302.mp3,Emotional
2_tummins_6.7_1670520732_7174831892775193862.mp3,Emotional
1_butchbouchardq17_1659381727_7126990239855365381.mp3,Powerful
1_marcyoung51_1662365628_7139805948910079274.mp3,Serious
2_theapplecollector_1642530424_7054614448652258566.mp3,Melancholic
2_lanthi205_1597234031_6860067881208810754.mp3,Serious
1_talentnetwork_1654636971_7106611672177069354.mp3,Mysterious
0_planefinder_1645967073_7069374740556827910.mp3,Dark
0_aftermathdailypod_1666572673_7157875082596011306.mp3,Dramatic
1_deepak_jena_7438_929_1571150801_6748041281143983362.mp3,Energetic
0_taran_production_1652103984_7095732570855443717.mp3,Dramatic
1_wuwuwomanenergy777_1669851804_7171958839422635307.mp3,Mysterious
2_tonycuong36_1596106439_6855224932612197633.mp3,Melancholic
0_blackmaplecompany_1670583361_7175100869560519942.mp3,Brooding
1_deepak_jena_7438_929_1571459987_6749369236067486977.mp3,Positive
1_beaglebennett_7_1657817492_7120271895412460806.mp3,Positive
2_triger.official_1626011075_6983664371914296578.mp3,Powerful
1_freedomalltheway66_1659882736_7129142054638177542.mp3,Joyful
2_el_pana_willyrex_real_1600465385_6873946471645891842.mp3,Powerful
2_leonsweeting_1586983520_6816042310241963269.mp3,Emotional
2_milmil1616_1631178465_7005858159331904770.mp3,Serious
1_deepak_jena_7438_929_1570871891_6746843383471426818.mp3,Emotional
2_n_hoai2k3_1596872179_6858513733199678721.mp3,Mysterious
0_devilfromthenorth_1668822773_7167539181772852526.mp3,Melancholic
1_chouhan121212_1571901625_6751266042821020930.mp3,Brooding
2_iaumreview_1627641436_6990666733010963713.mp3,Dramatic
2_cachthaydoi_1596127800_6855316647901809921.mp3,Romantic
1_butchbouchardq17_1659395452_7127049175518301446.mp3,Melancholic
1_ssstik.io_1673708939060.mp3,Dramatic
0_vladymirfedorov_1667840237_7163319256740941062.mp3,Emotional
2_ngatranvungtau_1598709476_6866404903766494466.mp3,Happy
1_mikekittok_1673439760_7187369019823951105.mp3,Emotional
2_viyeumaden__1603885733_6888636765079375106.mp3,Happy
1_Cópia de spade303_1566316680_6727278896271707397.mp3,Romantic
2_godianofthelight_1607869159_6905745264766668038.mp3,Dark
1_butchbouchardq17_1659419912_7127154191298039045.mp3,Intense
1_Cópia de minibikenugget_1614132910_6932647991371140358.mp3,Intense
2_auichocky_1607792382_6905415692212784386.mp3,Powerful
1_ayuda.al.planeta.al.100_1621633963_6964864826002722054.mp3,Powerful
0_anichka24092_1669052926_7168527717594451206.mp3,Powerful
2_aim_boyz_1673070169_7185781582228180230.mp3,Emotional
1_wuwuwomanenergy777_1670374150_7174202293246496046.mp3,Mysterious
1_ssstik.io_1673709756036.mp3,Serious
1_jaganathasahoo7_1570993718_6747366508155899137.mp3,Melancholic
2____b_o_g____1623358246_6972270549351288065.mp3,Melancholic
2_wyn._.247_1597240104_6860093965102796033.mp3,Triumphant
0_vilspid_1652354392_7096808065583860997.mp3,Melancholic
1_inchoohisdai2.0_1662560276_7140641990235966725.mp3,Serious
1_worldwidepolitics0_1667852618_7163372437378174214.mp3,Positive
1_brandeegirl2021_1660328887_7131058256075607342.mp3,Serious
0_snidanok_1plus1_1662885144_7142037275344489733.mp3,Intense
2_comnhalam_1596001059_6854772323539586305.mp3,Sad
2_soup_boy_ranjith_1585644683_6810292046834879745.mp3,Emotional
1_ashishpanwar034_1571048409_6747601523565415681.mp3,Triumphant
0_vladymirfedorov_1673260922_7186600903049317638.mp3,Intense
0_mw_milytary_world_1662879916_7142014771267751173.mp3,Powerful
1_Cópia de everlastin2020_1629676009_6999405159415614725.mp3,Melancholic
0_lisaremillard_1645736719_7068385374040493358.mp3,Brooding
2_orange_es_1632767780_7012684213849787654.mp3,Dramatic
0_experloee_1659979282_7129556713228881157.mp3,Serious
1_espartaco888_1660751153_7132871826337926446.mp3,Brooding
2_batritv98_1597322181_6860446489274043649.mp3,Triumphant
2_salimyasser77_1618684989_6952199069850766593.mp3,Mysterious
2_hehee30012000_1596250532_6855843801903271170.mp3,Melancholic
0_bbcnews_1655545671_7110514489963023621.mp3,Powerful
0_wilflovatt_1651855327_7094664599600942342.mp3,Cheerful
1_Cópia de espartaco888_1660751153_7132871826337926446.mp3,Brooding
2_carterpcs_1665453887_7153069952726076718.mp3,Melancholic
1_drqilove_1656073222_7112780278501838122.mp3,Happy
2_viyeumaden__1600794626_6875360551258590466.mp3,Powerful
2_applegadgetsltd_1652639498_7098032590799588634.mp3,Dramatic
2_meliiiiiiii_16_1602561532_6882949355947511041.mp3,Powerful
2_phuocsida_1596210313_6855671050135538945.mp3,Passionate
1_eerjkmcrae_1674686465_7192723452933999874.mp3,Powerful
2_hehee30012000_1597292295_6860318112550505730.mp3,Cheerful
1_ssstik.io_1673709780883.mp3,Dramatic
0_bbcnews_1652460301_7097262946547453189.mp3,Melancholic
0_voronina_valeria__1648324814_7079501168380022021.mp3,Emotional
2_sbtcshin_1604843155_6892748861270641921.mp3,Positive
0_aurelien.froissart_1648756941_7081357139477875974.mp3,Melancholic
1_delusionsofganja_1670642866_7175356428784258309.mp3,Dramatic
1_ssstik.io_1673708667896.mp3,Dramatic
1_444amitkumar_1571988629_6751639727633485057.mp3,Powerful
1_shivambhadouriya45_1572456872_6753650797256379649.mp3,Dark
2_cukechuyen_1597400309_6860782041714216194.mp3,Sad
1_ssstik.io_1673710048858.mp3,Dramatic
2_ktsdinhnguyen_1595928074_6854458858694315265.mp3,Energetic
2_dpump_1580690261_6789012899424668929.mp3,Triumphant
0_c4news_1664378431_7148450904759487749.mp3,Sad
1_bigdaddyredsmedia_1662149476_7138877613329648902.mp3,Happy
1_captain_mcfingle_1569595087_6741359552832261381.mp3,Mysterious
1_delusionsofganja_1669977674_7172499459572616453.mp3,Dramatic
1_angryearth_1603351492_6886342212863479042.mp3,Hopeful
0_itsmeurfriend15_1645772063_7068537187406449947.mp3,Powerful
0_onlichillout_1647713654_7076876255911595269.mp3,Joyful
2_en.vica_1602628670_6883237702507007233.mp3,Emotional
1_ssstik.io_1673709150972.mp3,Happy
1_ssstik.io_1673709275223.mp3,Dramatic
0_doctormyro_1669242439_7169341652019186990.mp3,Cheerful
0_kyliok.ua_1670697111_7175589433406737670.mp3,Emotional
0_duniamiliter86_1666859831_7159108437337591066.mp3,Dark
0_jualia_sun_1666198385_7156267550043573510.mp3,Dramatic
2_maharlikafuture_1609931922_6914604944880356609.mp3,Energetic
0__m0ngol_1666170902_7156149487193427205.mp3,Dramatic
1_deepak_jena_7438_929_1570852517_6746760169419541762.mp3,Serious
2_techmatepl_1624972139_6979202172466547973.mp3,Dark
1_heddalettuceofficial_1657994102_7121030431192943878.mp3,Positive
1_originalcuddles_1625026673_6979436385878936837.mp3,Mysterious
2_ghienmakeup_1595854762_6854143988375588097.mp3,Majestic
1_bellacrux__1673711082_7188534329088183554.mp3,Dramatic
0_iamdeputat_1669765915_7171589976314875142.mp3,Melancholic
1_shaddowbannedagain_1658021079_7121146289328262406.mp3,Sad
2_garyvee_1578589141_6779988716833279238.mp3,Emotional
0_getupshoot_1656572771_7114925851476643077.mp3,Powerful
0_danilokrezy_1672522036_7183427425806732549.mp3,Happy
2_nopuedeser_.__1580932670_6790054105768316166.mp3,Dark
0_ua_samuraivanya_1646818604_7073032034058259717.mp3,Powerful
2_ibra_cats_1649595920_7084960523736894726.mp3,Dark
2_groovy.yuvi_1585778705_6810867666929192198.mp3,Happy
2_hoangminhhieu1204_1595923438_6854438892280564994.mp3,Brooding
2_ngatranvungtau_1597735299_6862220797071674626.mp3,Majestic
2_reichan_2g_1672635695_7183915547233504514.mp3,Dramatic
2_doxuankhu_1596005687_6854792198467177729.mp3,Mysterious
1_poojasharma9617_1571402914_6749124106148449542.mp3,Powerful
2_workpointnews23_1666336239_7156859614808640794.mp3,Emotional
1_stephaniestyles9_1669650184_7171092915282775301.mp3,Sad
1_Cópia de ingersolldairyfarm_1643482339_7058702895516126510.mp3,Emotional
2_ljays420e_1672748691_7184400898288782597.mp3,Dramatic
1_coomerfarm_1619052613_6953778006913502469.mp3,Dramatic
1_ayuda.al.planeta.al.100_1615769535_6939677292838849797.mp3,Sad
0_wasilevs95_1671989111_7181138536605699334.mp3,Joyful
1_owlclan3_1673232772_7186479974998854958.mp3,Emotional
1_letourplanetlive_1653490785_7101688838392728838.mp3,Melancholic
2_yenthuy5768_1596196033_6855609737334115585.mp3,Dark
2_elisey_pronin_1593690075_6844846740496092422.mp3,Dramatic
2_gaixinhfullhd_1595998788_6854762566804163841.mp3,Serious
2_tweh18_1616121287_6941188052589038853.mp3,Dark
2_nhachilllofi_1604063189_6889398931634015490.mp3,Brooding
0_politcultua_1645823048_7068756164154002694.mp3,Emotional
1_hollinessuman_1579799612_6785187638811888898.mp3,Dramatic
1_ssstik.io_1673708537799.mp3,Dark
1_Cópia de josiemcbob1_1617715370_6948034594377616646.mp3,Dramatic
0_ohmysofiaaaa_1674684607_7192715601054338309.mp3,Sad
2_naritsara_l_1624763793_6978307339275324673.mp3,Dramatic
2_gybgae_1618988438_6953502376439467266.mp3,Serious
2_leroyandleroy_1625180813_6980098426667109638.mp3,Emotional
0_underground_kyiv_styel_1650577680_7089177148593868037.mp3,Dramatic
2_saltyintrovert_1654190800_7104695380314492203.mp3,Positive
1_ssstik.io_1673709977804.mp3,Happy
2_fanmadamevinh_1597650627_6861857145185438978.mp3,Triumphant
1_Cópia de entomopolotics_1627073360_6988226856285637894.mp3,Majestic
0_fundiambb1_1662854246_7141904596267470123.mp3,Energetic
0_dmytro.goroshko_1648134832_7078685201630498053.mp3,Melancholic
2_trev_williams_1598392818_6865044846231457030.mp3,Melancholic
0_n0name77777_1655105172_7108622547272355077.mp3,Triumphant
2_ngatranvungtau_1597232018_6860059247925824769.mp3,Melancholic
1_ashishpanwar034_1571385242_6749048206308494594.mp3,Serious
1_ssstik.io_1673709876515.mp3,Cheerful
1_seedsnweeds_1662248420_7139302572887674118.mp3,Dramatic
2_dep_cung_hong_1597124106_6859595748816866561.mp3,Sad
1_nzbiceps_1672995878_7185462559011556614.mp3,Sad
2_ts_robinsonsrisaman_1672236185_7182199706158648603.mp3,Romantic
1_xhristiankp_1635956609_7026380128359845125.mp3,Romantic
2_plmnkoi_1596300842_6856059813881728258.mp3,Melancholic
1_ssstik.io_1673710266934.mp3,Mysterious
0_hitchhikingdiary_1656921722_7116424566381022470.mp3,Triumphant
1_eyeswideopen1984_1672514121_7183393433694784774.mp3,Emotional
0_fundiambb1_1645761838_7068493267578424622.mp3,Intense
1_satyajitmallick1999_1571668350_6750264145746103554.mp3,Melancholic
0_2kuhl_4school_1656593293_7115013993156349230.mp3,Dark
0_dmytro.goroshko_1646751743_7072744877070601477.mp3,Melancholic
1_ssstik.io_1673708730259.mp3,Positive
0_marcin_v_1652969985_7099452016195325190.mp3,Happy
1_deepak_jena_7438_929_1571913686_6751317846262910209.mp3,Intense
2_hamzaphonetastic_1571080960_6747741285869702401.mp3,Emotional
1_jaganathasahoo7_1571168742_6748118298191351042.mp3,Majestic
1_delusionsofganja_1669546793_7170648840389840133.mp3,Dramatic
1_Cópia de ___this.gal.tells.truths_1659813547_7128844893446737157.mp3,Dramatic
1_spade303_1566316680_6727278896271707397.mp3,Romantic
1_telytuby1_1667846317_7163345372671200517.mp3,Sad
2_fazlishahhalim_1671112635_7177374087075990811.mp3,Emotional
1_haroldhartsock2_1674054700_7190010136256154922.mp3,Positive
1_ssstik.io_1673709110212.mp3,Dramatic
2_viyeumaden__1602826832_6884088814088899842.mp3,Happy
2_plmnkoi_1596727541_6857892507594886401.mp3,Melancholic
0_thesneakykgb_1665523109_7153367266271317254.mp3,Powerful
0_re.shooting__1671812356_7180379373097258245.mp3,Powerful
1_Cópia de bigdaddyredsmedia_1662149476_7138877613329648902.mp3,Happy
0_myzecron_1659166254_7126064762936380677.mp3,Mysterious
2_mehnaz__s_1603468473_6886844647210011905.mp3,Dark
2_dkykeibi_tokyo_1594783160_6849541478264474881.mp3,Passionate
1_mr.paulbooker_1675104797_7194520308605275398.mp3,Mysterious
2__baonghiii.1106__1613393820_6929473683887033601.mp3,Powerful
1_prezelectcherryagain_1674569500_7192221101735333166.mp3,Emotional
1_trumppence20201776_1601435834_6878114331364543750.mp3,Dramatic
2_ibra_cats_1645468995_7067235515682049285.mp3,Dark
1_Cópia de krissy0220_1609806869_6914067789263195397.mp3,Brooding
2_taptech.88_1664077822_7147159792342093083.mp3,Romantic
2_plmnkoi_1597508528_6861246816600476930.mp3,Energetic
2_tuantu67893_1596688677_6857725583296662786.mp3,Intense
1_deepak_jena_7438_929_1570853142_6746762851177860354.mp3,Powerful
1_prezelectcherryagain_1674518770_7192003298126253358.mp3,Dark
1_prezelectcherryagain_1674519268_7192005441243647274.mp3,Serious
1_ssstik.io_1673709015222.mp3,Energetic
0_cbsmornings_1668445812_7165920103567985962.mp3,Passionate
1_binaya098_1571208127_6748287504572501250.mp3,Dark
1_fearofthelord_1658708089_7124096984323181870.mp3,Powerful
2_lovephinhay_1595823590_6854010096805039362.mp3,Mysterious
0_tuantakur857_1646134623_7070094366693543195.mp3,Triumphant
1_wuwuwomanenergy777_1669854861_7171971977580694826.mp3,Dark
1_Cópia de triscuitlovr_1595960314_6854597347096153349.mp3,Majestic
2_bridger_pennington_1654210130_7104778405962616110.mp3,Mysterious
1_wuwuwomanenergy777_1662681675_7141163405783616810.mp3,Mysterious
2_babynox__1597921965_6863022536385383681.mp3,Passionate
1_orwellwouldbejelly_1669122930_7168828349287009579.mp3,Powerful
0_viceworldnews_1652965104_7099431054661930246.mp3,Powerful
1_annie_k28_1646963571_7073654676624772398.mp3,Triumphant
1_triscuitlovr_1595960314_6854597347096153349.mp3,Majestic
1_Cópia de krissy0220_1609806644_6914066827341483270.mp3,Melancholic
1_johnnymack1776_1635885106_7026073028450651398.mp3,Powerful
1_bradacus137_1622064163_6966712518865718534.mp3,Emotional
0_ua_resistance_1662988778_7142482375581175083.mp3,Positive
1_chridhe.kayperkins_1639385832_7041108512583339270.mp3,Cheerful
2_pingoonak_1597067769_6859353801799765250.mp3,Mysterious
2_your_fubar_1658600542_7123635071726210346.mp3,Emotional
0_yana_pazdrii__1667718775_7162797539459173637.mp3,Powerful
2__brandoncaulfield_1586182580_6812602300591394053.mp3,Emotional
1_ssstik.io_1673709188819.mp3,Dark
2_wan_wow48_1670561793_7175008241699671323.mp3,Brooding
0_zephyr011_1665658520_7153948841446788358.mp3,Sad
2_mythuanpham7_1601959339_6880362959156038914.mp3,Serious
2_minealexy_1659713437_7128414921544436998.mp3,Majestic
0_banderovich966_1648315267_7079460163366767877.mp3,Emotional
1_wuwuwomanenergy777_1662128457_7138787349625933098.mp3,Dramatic
2_cobe4020_1596610867_6857391411495488769.mp3,Powerful
1_Cópia de ranchlife3282_1616698026_6943665135097597190.mp3,Passionate
1_75tillidie5.0_1636539647_7028884250426428678.mp3,Melancholic
1_jeffberwick2_1665055082_7151356966747540778.mp3,Triumphant
2_dasistjay_1601139557_6876842027170925826.mp3,Romantic
1_Cópia de propagandafluent_1661276815_7135129574840569134.mp3,Triumphant
2_therampage_official_1594865239_6849894000984329474.mp3,Passionate
0_kseniyurchenko_1647205016_7074691672789077254.mp3,Happy
2_mythuanpham7_1609498414_6912743042629766401.mp3,Emotional
2_ibra_cats_1633545113_7016022831716633861.mp3,Dramatic
2_tweh18_1616638350_6943408819896716549.mp3,Dramatic
0_limon_me_1645798172_7068649319204752646.mp3,Energetic
1_strengthjourneys_1622364309_6968001621385170182.mp3,Energetic
1_delusionsofganja_1670526502_7174856678196694278.mp3,Dramatic
0_glorious.cossack_1664820484_7150349502803725574.mp3,Sad
0_geo_maps44_1655572866_7110631301002087685.mp3,Brooding
1_delusionsofganja_1669736457_7171463452693744902.mp3,Dramatic
0_ed_volunteer_1665502724_7153279691523198213.mp3,Happy
2_applegadgetsltd_1645618618_7067878142370729243.mp3,Dark
0_padre_87_1666443314_7157319509144112390.mp3,Powerful
1_Cópia de themadartwumin_1656420567_7114272142556007685 2.mp3,Melancholic
2_charbonnn_1615324097_6937764157391473925.mp3,Powerful
1_illuminati_church__1647231604_7074805852309425413.mp3,Powerful
0_fin_foin_1673245200_7186533331725602053.mp3,Mysterious
2_cnn0123_1596690646_6857734040317988098.mp3,Brooding
0_mcmirage_1671117730_7177395982043237637.mp3,Happy
1_thomasbaldridge_1658442960_7122958261044645166.mp3,Melancholic
2_rey.nbows_1604863671_6892836830291479814.mp3,Intense
0_fundiambb1_1673074061_7185798262136376619.mp3,Emotional
1_simplekto1_1587757746_6819367489139444994.mp3,Mysterious
2_digitalsay_1599980095_6871862043662765318.mp3,Happy
1_haroldhartsock2_1673987582_7189721856746933550.mp3,Melancholic
2_bikiplamdep1_1596980485_6858978908579073282.mp3,Dark
0_rnastiaa_1653504730_7101748732185595142.mp3,Romantic
1_Cópia de mongoose_maniacs_1666798314_7158844110965574954.mp3,Dramatic
1_eyehaytyew6_1672464152_7183178784340725034.mp3,Melancholic
2_sandrock_crusher_1632450632_7011322069015072006.mp3,Dramatic
0_robroyyyy_1662834133_7141818209329548590.mp3,Melancholic
0_mathiasask_1645831323_7068791706468207918.mp3,Dramatic
0_armycatukraine_1673554536_7187861986821082374.mp3,Energetic
1_simplekto1_1580050366_6786264628620954881.mp3,Dramatic
2_dinhngocha1986_1595997838_6854758488367762689.mp3,Cheerful
1_ssstik.io_1673709296042.mp3,Serious
2_goldengianpy_1588938747_6824439942584814854.mp3,Serious
1_yatyas1776_1668548247_7166360110988528942.mp3,Serious
2_pham.nguyenngoc_1595681138_6853383634880040193.mp3,Positive
2_ytbtopenzo_1596451940_6856708831108582658.mp3,Melancholic
0_rommmazov_1653323623_7100970883367324933.mp3,Melancholic
1_prezelectcherryagain_1674570130_7192223779278458158.mp3,Happy
0_malchyn_27_1646229340_7070501170564943110.mp3,Dramatic
1_butchbouchardq17_1659414565_7127131243187047685.mp3,Powerful
1_jamessavoulidis_1674041394_7189953020065516801.mp3,Emotional
2_t_studio_crafts_1598845948_6866990798890634497.mp3,Positive
1_deepak_jena_7438_929_1571485558_6749479064223927553.mp3,Passionate
2_joselarax_1605536617_6895727254593096961.mp3,Mysterious
1_ssstik.io_1673708622997.mp3,Melancholic
1_Cópia de stainless2_1658438972_7122941136158756142.mp3,Energetic
2__duyennef_k8_1596602223_6857354269423717633.mp3,Powerful
1_hollinessuman_1579799964_6785189150753688834.mp3,Majestic
0_pun1sher_ua_1652201646_7096152026853231878.mp3,Hopeful
0_fundiambb1_1674683047_7192708853065207083.mp3,Dramatic
2_nikita17kuzmin_1594236377_6847193095780486405.mp3,Dramatic
1_logicxshot_1628789407_6995597232728820997.mp3,Happy
2_viyeumaden__1603293886_6886094799082933506.mp3,Majestic
2_olivierhude_1602257232_6881642405553048833.mp3,Serious
2_abdulrahmanshawash_1610916181_6918832297487682818.mp3,Powerful
0_the.kir.ko_1661027972_7134060797948464390.mp3,Intense
0_vladnaumoff_1653329745_7100997174191803653.mp3,Melancholic
1_simplekto1_1587928568_6820101227351739650.mp3,Brooding
2_iamoldjo_1648024707_7078212215995698433.mp3,Brooding
2_llammmmlam1710_1604638849_6891871365775822081.mp3,Dark
2_jonathanvera8952_1648936463_7082128176641527045.mp3,Passionate
1_deepak_jena_7438_929_1571188716_6748204106785082626.mp3,Emotional
0_veritasetiustitia_1672318313_7182552444591672582.mp3,Serious
2_vandangdtv_1596200658_6855629599565548802.mp3,Dramatic
0_aleksandrkisslove_1645837767_7068819384256498987.mp3,Positive
1_shmm9y_1649926181_7086378987026386203.mp3,Energetic
1_delusionsofganja_1669890373_7172124516481568006.mp3,Dramatic
1_ssstik.io_1673708434183.mp3,Dramatic
1_josiemcbob1_1617715370_6948034594377616646.mp3,Dramatic
1_themadartwumin_1656420567_7114272142556007685 2.mp3,Melancholic
2_0949589885id_1602744941_6883737094250958081.mp3,Triumphant
0_mcmirage_1668205325_7164887288286104838.mp3,Positive
1_ssstik.io_1673708611152.mp3,Dark
0_evca77_1659383878_7126999468234378502.mp3,Sad
0_omelyanovi4_1652774580_7098612750179405062.mp3,Brooding
1_Cópia de themadartwumin_1656363629_7114027602158832901.mp3,Cheerful
2_ronniplz_1628100060_6992636508993817862.mp3,Dramatic
2_viyeumaden__1602471565_6882562954059959554.mp3,Cheerful
1_thebritchad_official_1628538266_6994518585649515782.mp3,Melancholic
2_fayron_shorts_1664475367_7148867246671105285.mp3,Powerful
0_jacobmiller1340_1661987566_7138182213694278918.mp3,Energetic
1_delusionsofganja_1669456876_7170262649513594118.mp3,Dramatic
1_rainbow.goddess1111_1670409566_7174354419063033089.mp3,Mysterious
0_popovavava_1648806046_7081568038675303685.mp3,Happy
1_sariaalto_1576932337_6772872803977891078.mp3,Happy
1_coriharris2020_1657483383_7118836913066298670.mp3,Powerful
0_v3lk0zpm_1645886444_7069028447393205506.mp3,Hopeful
1_bk.mali_kar98_1571457080_6749356750668827906.mp3,Majestic
1_rainbow.goddess1111_1670660492_7175432120502996225.mp3,Hopeful
0_ed_volunteer_1670006109_7172621607477759238.mp3,Melancholic
2_goldengianpy_1589712858_6827764717440863493.mp3,Energetic
0_robroyyyy_1661966888_7138093478507973931.mp3,Energetic
1_delusionsofganja_1670410958_7174360407509929222.mp3,Dramatic
1_behind_the_line_1650570506_7089146338452983083.mp3,Serious
2_amberbedoing_1603135699_6885415202242710789.mp3,Cheerful
2_fanmadamevinh_1595917629_6854413996909481217.mp3,Majestic
1_ssstik.io_1673709660092.mp3,Romantic
1_propagandafluent_1661276815_7135129574840569134.mp3,Triumphant
1_delusionsofganja_1669522784_7170545695638834437.mp3,Dramatic
2_cafetek_1619629385_6956255226387090689.mp3,Powerful
2__ng.huyn_1597505931_6861235678357818626.mp3,Brooding
2_psihotronchelrus_1644826067_7064474162336713986.mp3,Melancholic
2_lolmobilereplaytiktok_1596508494_6856951694941506818.mp3,Positive
2_nadarali62_1652153499_7095945244813856027.mp3,Brooding
1_Cópia de thestarknakedbrief_1635889195_7026090588839759109.mp3,Sad
2_julianaxsanchez_1626646123_6986391883102686470.mp3,Sad
0_chernobyl_guide_1654966084_7108025194484124934.mp3,Hopeful
0_emileghessen_1648967774_7082262647957146885.mp3,Melancholic
0_choppedbrain_1663334938_7143969135687486725.mp3,Cheerful
1_deepak_jena_7438_929_1571573772_6749857941928561922.mp3,Passionate
0_gregmustreader_1646692917_7072492224642141482.mp3,Triumphant
1_deepak_jena_7438_929_1571395931_6749094116749069570.mp3,Positive
0_ironcurtainlyf_1664276619_7148013624156605701.mp3,Intense
2_videominecraftttt_1611988720_6923438820264283393.mp3,Passionate
2_t_u_a_n_a_n_h_1907_1597423548_6860881821501082881.mp3,Joyful
0_olianna9_1663239570_7143559527210781957.mp3,Passionate
1_ciaociaofoxy_1664535760_7149126478951615787.mp3,Cheerful
2_unclejacktai_1588036346_6820564166353374470.mp3,Romantic
1_deepak_jena_7438_929_1570871827_6746843106852883713.mp3,Dark
0_enko.yuliia_1647689332_7076771790990707974.mp3,Sad
0_voronina_valeria__1647806432_7077274735331003653.mp3,Melancholic
1_himanshukumar60741_1571218508_6748332089067752706.mp3,Mysterious
1_mitsuyuuh_1650136336_7087281592518905093.mp3,Dramatic
1_jdfraley_1668978416_7168207658132983083.mp3,Emotional
0_fundiambb1_1665955937_7155226221247253803.mp3,Brooding
1_ssstik.io_1673708357285.mp3,Sad
1_Cópia de ciaociaofoxy_1664535760_7149126478951615787.mp3,Cheerful
0_stealth.hawk_1668341297_7165471280257371398.mp3,Emotional
0_viceworldnews_1663865575_7146248206052117765.mp3,Majestic
1_cotteneyedjoe71_1663000226_7142531563077586182.mp3,Melancholic
1_thecasewatson_1627091481_6988304679239208198.mp3,Dark
2_benjimanz_1658196839_7121901183962434862.mp3,Happy
1_mongoose_maniacs_1666798314_7158844110965574954.mp3,Dramatic
0_simba_thetravelcat_1650393679_7088386871335652613.mp3,Happy
1_ssstik.io_1673708830547.mp3,Sad
1_delusionsofganja_1669737753_7171469014403779846.mp3,Dramatic
2_dieser.robin__1670962027_7176727243782196485.mp3,Melancholic
1_insideouta_z_1662198182_7139086730749054251.mp3,Emotional
2_mariferlaras_1594740939_6849360167801343238.mp3,Passionate
2_ph.kieukieu_1596963854_6858907482174115074.mp3,Romantic
1_karthik_subbu__1573400358_6757703048723729665.mp3,Brooding
0_fundiambb1_1663610988_7145154690056047915(1).mp3,Emotional
0_c4news_1663171090_7143265405337947397.mp3,Powerful
1_ssstik.io_1673708555781.mp3,Serious
2_emmatainment_1602641817_6883293708154965254.mp3,Dark
2_ytbduocdatbac_1595836617_6854066051085339906.mp3,Emotional
2_slicedtamato_1597256098_6860162682859916550.mp3,Sad
2_trogn_vie_1595909156_6854377603151793409.mp3,Dramatic
2_duywunisa_1598064585_6863635073216924930.mp3,Emotional
0_kate_lysak_1670563058_7175013666373274886.mp3,Passionate
2_hehee30012000_1596687512_6857720581291363586.mp3,Serious
2_letu0602_1596033329_6854910920213204226.mp3,Serious
2_viyeumaden__1602135426_6881119249482501377.mp3,Joyful
2_jp.actual_1644249192_7061996495343734063.mp3,Sad
1_delusionsofganja_1669961123_7172428372432243973.mp3,Dramatic
1_anubhabchakrabor5_1572063111_6751959624036912386.mp3,Serious
1_beaglebennett_7_1658339626_7122514445913394437.mp3,Dramatic
0_frankdomenic_1645755204_7068464770768194822.mp3,Powerful
0_geo_maps44_1655495536_7110299173454449925.mp3,Romantic
2_waterflie_1609219715_6911545930974104838.mp3,Mysterious
1_bad_boii7t_1571561270_6749804245316324609.mp3,Triumphant
1_ssstik.io_1673710425570.mp3,Joyful
1_deepak_jena_7438_929_1571465556_6749393153251495170.mp3,Melancholic
1_wuwuwomanenergy777_1657422222_7118574229817183530.mp3,Mysterious
0_kate_in_londonland___1650716249_7089772294473583877.mp3,Romantic
0_valerie_fit_1665325810_7152519825938533637.mp3,Happy
1_Cópia de ceasargrappo_1613770639_6931092071335922950.mp3,Happy
2_comnhalam_1596001015_6854772136955923713.mp3,Happy
1_ceasargrappo_1613770639_6931092071335922950.mp3,Happy
2_antojaiquantumreiki_1607444630_6903921846920563974.mp3,Serious
1_newmanontheblock_1662464669_7140231345741122822.mp3,Powerful
0_shrowdywalterr_1658163507_7121758021100883206.mp3,Melancholic
2_yubio_finger_1616760049_6943931525914217730.mp3,Sad
1_Cópia de originalcuddles_1625026673_6979436385878936837.mp3,Mysterious
2_chancelioness_1596250826_6855845078737407238.mp3,Dramatic
0_tiktok_frontline_warzone_1667768222_7163009949503589637.mp3,Emotional
2_mythuanpham7_1608810476_6909788370726030594.mp3,Intense
2_viyeumaden__1602911367_6884451890633952513.mp3,Brooding
1_mafia_allu_1570818078_6746612235054976258.mp3,Dramatic
0__m0ngol_1661926699_7137920777403337989.mp3,Dramatic
0_c4news_1663785610_7145904756488244485.mp3,Joyful
0_worldofguns56_1661973159_7138120348368784646.mp3,Dramatic
2_thanhphuong201_1598371134_6864951725971754241.mp3,Triumphant
2_supersaf_1632503448_7011548914310565126.mp3,Serious
0_ukraine_times_1668681887_7166934110450044165.mp3,Romantic
1_ssstik.io_1673709900839.mp3,Intense
2_thecleverflower_1639680062_7042372239211105541.mp3,Sad
2_mohned01_1593812064_6845370684084849925.mp3,Passionate
1_porknbeansperformance_1571817526_6750904817209609478.mp3,Mysterious
1_ssstik.io_1673708478978.mp3,Melancholic
0_fundiambb1_1674685507_7192719445872201002.mp3,Dark
2_nokia_1671544980_7179231004849360134.mp3,Hopeful
2_gaixinhfullhd_1596253267_6855855555626487041.mp3,Dark
1_captain_mcfingle_1569347119_6740294513773841669.mp3,Powerful
1_saveourwildlife1_1670691671_7175566079647829254.mp3,Happy
0_mila.alien_1645917506_7069161857885506862.mp3,Serious
1_Cópia de thebritchad_official_1628538266_6994518585649515782.mp3,Melancholic
1_ssstik.io_1673708404864.mp3,Passionate
0_nadibeloborodova_1655930556_7112167563735452934.mp3,Powerful
0_memorial.ua2022_1673969137_7189642679880289542.mp3,Sad
1_henchman_on_a_harley_1626498876_6985759441471753478.mp3,Dark
2_callmegrand_1594810388_6849658434598604033.mp3,Passionate
2__hyang21_1595906990_6854368299271097602.mp3,Dark
2_cuckeo1502_1596125255_6855305723639876865.mp3,Emotional
1_rsromeorsromeo0_1571817897_6750906440350698753.mp3,Serious
2_aim_boyz_1673071675_7185788065082854661.mp3,Emotional
1_everlastin2020_1629676009_6999405159415614725.mp3,Melancholic
2_mianazhar2_1663931608_7146531822116097306.mp3,Passionate
0_petethatkid_1646333792_7070949791131323654.mp3,Romantic
1_Cópia de inchoohisdai2.0_1662560276_7140641990235966725.mp3,Serious
0_armysieche.official_1656516559_7114684433021652229.mp3,Brooding
1_harsh4948_1572159606_6752374072228744450.mp3,Dark
2_gertieinar_1616243172_6941711543931325702.mp3,Mysterious
0_mcmirage_1665170256_7151851772745665798.mp3,Melancholic
0_mila.alien_1645715796_7068295514671910191.mp3,Mysterious
0_fandomua_1653659745_7102414514699685125.mp3,Intense
2_diemphuong_88_1596533882_6857060771566832898.mp3,Serious
0_puryshev_mykhailo_1673991817_7189740083438832902.mp3,Dark
1_ssstik.io_1673710009126.mp3,Mysterious
0_affairwithfilm_1649592157_7084944357517790470.mp3,Passionate
1_minibikenugget_1614132910_6932647991371140358.mp3,Intense
1_delusionsofganja_1670341856_7174063629501795590.mp3,Dramatic
2_gaixinhfullhd_1597374890_6860672841172471041.mp3,Majestic
1_alyssonvino_1665787220_7154501595361873198.mp3,Mysterious
2_ghienmakeup_1597035476_6859215081687895297.mp3,Happy
1_thesovereignom_1672789857_7184577583890107650.mp3,Melancholic
2__edm__edm__1597201968_6859930160104230146.mp3,Powerful
2_0y3l_1592913780_6841512571653115142.mp3,Passionate
1_wuwuwomanenergy777_1649435901_7084273249336528170.mp3,Majestic
2_musenorka_1602945870_6884600078468730114.mp3,Emotional
1_stevena2004_1579912716_6785673433070980358.mp3,Passionate
2_goldengianpy_1589972140_6828878328024272134.mp3,Hopeful
2_ronniplz_1629837767_7000099903959551238.mp3,Melancholic
2_jojol_1611424521_6921015611342458113.mp3,Brooding
2_dinhvlog90_1596370032_6856357042479844609.mp3,Mysterious
1_Cópia de alyxina_1659535379_7127650154248817926.mp3,Melancholic
2_antoni_ans_1612512408_6925688048420179201.mp3,Dramatic
1_2382rohit_1571258860_6748505326833749249.mp3,Emotional
2_gadgetdiary_1582177989_6795402705033497858.mp3,Powerful
1_wuwuwomanenergy777_1659545472_7127693512665189678.mp3,Powerful
2_vivomobilemx_1665084740_7151484491645603078.mp3,Powerful
1_stevena2004_1579974621_6785939319103180037.mp3,Mysterious
1_delusionsofganja_1669456186_7170259686267129093.mp3,Dramatic
1_ssstik.io_1673710357396.mp3,Emotional
2_wonderwooder_1605024388_6893527247530085633.mp3,Dramatic
2_yourlittle.uncle_1595936634_6854495625749302530.mp3,Sad
0_ganka_marko_1649278978_7083599269231381765.mp3,Mysterious
2_spence_1591922625_6837255601639197957.mp3,Emotional
1_ssstik.io_1673708293175.mp3,Powerful
2_arteereview_1606051929_6897940506068667650.mp3,Dark
1_beaglebennett_7_1657467919_7118770490642042117.mp3,Serious
0__for_the_soulf__1650753877_7089933905763126533.mp3,Dramatic
0_valentynakondrat_1651696445_7093982205474622725.mp3,Passionate
1_ecolombia_organicos_1661457000_7133254659816344838.mp3,Brooding
0_zhannyxa_1668354449_7165527782263377157.mp3,Emotional
2_sanglangthang88_1597248915_6860131779249065218.mp3,Positive
1_ssstik.io_1673709621382.mp3,Melancholic
2_goldengianpy_1590060331_6829257104176745734.mp3,Romantic
0_emileghessen_1647953059_7077904489939750149.mp3,Melancholic
0_fundiambb1_1662497104_7140370684785495338.mp3,Dramatic
1_ultra.l1fe_1670407275_7174344592186215686.mp3,Sad
0_carbon766_1666181142_7156193490202889478.mp3,Emotional
1_butchbouchardq17_1660332882_7131075413975043333.mp3,Powerful
2_nop_pongsatorn_1608113843_6906796355742747905.mp3,Powerful
1_ssstik.io_1673710413412.mp3,Emotional
2_ci3news_1626521054_6985854708212698394.mp3,Serious
2_vieene___1595860946_6854170544217001217.mp3,Intense
2_waterflie_1607715859_6905086956540054789.mp3,Mysterious
0_svoikr_1668608502_7166618924572740870.mp3,Emotional
2_plmnkoi_1596294337_6856031918106873089.mp3,Hopeful
1_mariaziffy_1620924379_6961817182061808902.mp3,Brooding
1_uptonm275_1671908800_7180793561401642283.mp3,Sad
2_toastbr0t4711_1638961248_7039284951363161349.mp3,Serious
1_hitendrasinghrajput_1571560929_6749802781932145921.mp3,Powerful
1_gabrielendofdays_1660498006_7131784617178221830.mp3,Romantic
2_kim_chi_2002_1596972558_6858944869927292161.mp3,Mysterious
1_Cópia de shaddowbannedagain_1658019702_7121140374604680454.mp3,Dark
0_holovakha.nikol_1653759252_7102841895394495749.mp3,Sad
1_ssstik.io_1673708340517.mp3,Happy
2_technitymm_1671179299_7177660408994598170.mp3,Emotional
0_fundiambb1_1662497104_7140370684785495338(1).mp3,Dramatic
1_ssstik.io_1673709964167.mp3,Brooding
1_anchorbear_1627522865_6990157476389719301.mp3,Melancholic
1_captain_mcfingle_1569347447_6740295945986133253.mp3,Dramatic
1_entomopolotics_1627073360_6988226856285637894.mp3,Majestic
1_deepak_jena_7438_929_1571749885_6750614338609990913.mp3,Dramatic
1_butchbouchardq17_1660355040_7131170572066622726.mp3,Emotional
2_anriremi_1594724488_6849289496609983745.mp3,Passionate
2_gaixinhfullhd_1596290914_6856017229302058241.mp3,Intense
0_fundiambb1_1665454953_7153074528300698926(1).mp3,Dramatic
1_ssstik.io_1673708568764.mp3,Cheerful
1_a.caseypodcast_1674078354_7190111765470924038.mp3,Brooding
2_graveshyft_1596354301_6856289470732422402.mp3,Romantic
1_Cópia de marcyoung51_1662365628_7139805948910079274.mp3,Serious
2_ongyanbi2_1596816651_6858275229156838657.mp3,Sad
0_stefan_ded_1665571812_7153576437860076806.mp3,Sad
2_telefonialaperuta_1624983024_6979248931335195910.mp3,Majestic
2_michelo2.0_1596860178_6858462198428175622.mp3,Passionate
2_nguyenduong8686_1596792073_6858169684047531265.mp3,Serious
1_beaglebennett_7_1657467863_7118770247867436294.mp3,Cheerful
2_waqasghuman6_1653362161_7101136409431461146.mp3,Melancholic
1_ssstik.io_1673710205758.mp3,Dramatic
2_lisanne.dijkstra_1596025949_6854879241658453253.mp3,Melancholic
2_b.e.m.007_1662583299_7140740871095405830.mp3,Hopeful
1_Cópia de ashishpanwar034_1571385242_6749048206308494594.mp3,Serious
0_yuriy_kerimov5_1658873267_7124806416073805062.mp3,Melancholic
2_merlymor_1658956842_7125165367722347781.mp3,Melancholic
2_duywunisa_1595906812_6854367534989315329.mp3,Emotional
2_uchiyamasan7322_1645009593_7065262402509475074.mp3,Passionate
0_pun1sher_ua_1652714797_7098355993548967173.mp3,Powerful
2_peppereppelena_1610482238_6916968525483576578.mp3,Sad
2_jourdanelyssa_1673191071_7186300849847536939.mp3,Dramatic
1_ssstik.io_1673708585001.mp3,Sad
0_blackmaplecompany_1670583361_7175100869560519942(1).mp3,Brooding
1_adityasharma100251_1571342276_6748863606508522754.mp3,Mysterious
2_furqanali_official_1605969629_6897586649207753990.mp3,Hopeful
2_mrpipistro_1562496658_6710872045464325381.mp3,Sad
1_eyeswideopen1984_1673015544_7185547026615078149.mp3,Melancholic
0_moneykristina_1645692676_7068196145561980206.mp3,Powerful
0_waka_sama__1653812276_7103069622139636997.mp3,Happy
1_real.truth.seeker_1660591124_7132184558497254699.mp3,Mysterious
2_gsolution_id_1669031715_7168436617768684827.mp3,Majestic
2_deasilistiani_1617618237_6947617410643938561.mp3,Dramatic
1_birgitteoerregaard_1673233731_7186484111274544389.mp3,Majestic
1_butchbouchardq17_1660343312_7131120205408881926.mp3,Serious
1_prezelectcherryagain_1674573236_7192237159414304043.mp3,Romantic
1_butchbouchardq17_1659476381_7127396770006469894.mp3,Sad
1_rony_bidibaz_1571632271_6750109189298736385.mp3,Romantic
2_kingkumar3210_1607479331_6904071039362403590.mp3,Sad
2_liontotv_1592441813_6839485495211314438.mp3,Melancholic
1_jaganathasahoo7_1571022391_6747489765265853697.mp3,Majestic
2_goldengianpy_1589021968_6824797368706190598.mp3,Melancholic
1_ssstik.io_1673709093226.mp3,Powerful
1_Cópia de andrewnaltimari_1587771672_6819427402590997765.mp3,Powerful
0__kan_j_1667025278_7159818985507163398.mp3,Intense
0_thedailyhunter_1646205723_7070399727166115077.mp3,Powerful
2_gonzalo_c.a.r.p..14_1644022779_7061024064554470662.mp3,Powerful
1_madpuppy100_1673927691_7189464616085392686.mp3,Sad
1_itsthatlineguysky_1668022807_7164103356934425902.mp3,Melancholic
1_delusionsofganja_1669455796_7170258013259861254.mp3,Dramatic
2__v.phzuong04__1596376737_6856385841409903873.mp3,Joyful
1_krashed.eco_1641218064_7048977907154226438.mp3,Powerful
1_shivambhadouriya45_1572456116_6753647549846015233.mp3,Brooding
0_goose_ose_1666070875_7155719831512288518.mp3,Hopeful
1_heal.the.worldd_1650830810_7090264334495960326.mp3,Sad
2_vivianhoang209_1596629246_6857470361357896962.mp3,Dramatic
1_delusionsofganja_1670344027_7174072944405040389.mp3,Dramatic
1_kbehera7751866311_1571275183_6748575486798073089.mp3,Sad
1_simplekto1_1587758393_6819370317757172994.mp3,Dramatic
2_viyeumaden__1602384144_6882187485196061953.mp3,Positive
1_pinkalvalvi5_1571469077_6749408278939290882.mp3,Hopeful
0__natalav_1647200188_7074670937089608965.mp3,Sad
2_kim_chi_2002_1596857335_6858449971931385090.mp3,Mysterious
0_fundiambb1_1662854246_7141904596267470123(1).mp3,Energetic
1_ssstik.io_1673708248423.mp3,Dramatic
1_stainless2_1658438972_7122941136158756142.mp3,Energetic
1_deepak_jena_7438_929_1571889293_6751213070384631042.mp3,Majestic
2_boermstorm_1672846100_7184819269757177093.mp3,Emotional
1_redpilladministrator_1673550989_7187846747010469126.mp3,Emotional
1_willow.sky_1574660885_6763116973929876741.mp3,Happy
0_ice0087_1657720017_7119853242653183238.mp3,Melancholic
2_nickiegogo_1595143225_6851087960159407365.mp3,Powerful
1_bella.wella2222_1672783567_7184550690348387590.mp3,Happy
1_prezelectcherryagain_1674574752_7192243663580220715.mp3,Serious
1_sapan_dhir_2430_1571887679_6751206105218649350.mp3,Emotional
1_jaysoloftito_1661236670_7134957131098295558.mp3,Energetic
1_deepak_jena_7438_929_1571730211_6750529836088904962.mp3,Brooding
1_lynndog15_1659820175_7128873357906283818.mp3,Happy
2_ngocmoniw_1597502391_6861220478003072257.mp3,Romantic
1_poojasharma9617_1571698726_6750394607806287109.mp3,Powerful
2_eltiopougg_1655568331_7110611826198498566.mp3,Hopeful
2_kaho7911_1594806997_6849643869949218050.mp3,Passionate
0_danilokrezy_1655635687_7110901102173834502.mp3,Serious
0_norarm_tactical_1667909171_7163615305531444486.mp3,Brooding
1_delusionsofganja_1669553908_7170679406132759814.mp3,Dramatic
0_fundiambb1_1664410806_7148589940949929262.mp3,Passionate
1_mr._kf_1674300677_7191066622172384518.mp3,Majestic
0___prince_of_nothing___1660412722_7131418326143749381.mp3,Passionate
1_ssstik.io_1673709036709.mp3,Sad
2_naenano_1594897746_6850033635756723457.mp3,Passionate
1_ssstik.io_1673710376547.mp3,Brooding
1_im_mikechappell_1619135470_6954133873525656837.mp3,Emotional
1_ssstik.io_1673708389915.mp3,Sad
2_gaixinhfullhd_1596012242_6854820353378733314.mp3,Powerful
0_m4lkvsp_1668699862_7167011318241791238.mp3,Melancholic
1_Cópia de tj_stufflebeam_1618590830_6951794666865970437.mp3,Dramatic
2_mikey.skates_1668727204_7167128705871990058.mp3,Positive
2_mrbach.ielts_1596023714_6854869629630827777.mp3,Mysterious
2_lisaremillard_1642557200_7054729453506743599.mp3,Dramatic
0_kieram.litchfield_1649284316_7083622196978928938.mp3,Dark
2_lemonro_official_1631728875_7008222148334603521.mp3,Majestic
2_geniy.mymli_1633460443_7015659178228256002.mp3,Intense
1_trueblueconservative_1619353857_6955071831116238085.mp3,Emotional
1_ssstik.io_1673710147497.mp3,Energetic
2_carterpcs_1654207080_7104765307197295918.mp3,Serious
1_fancythetuxedocat_1665631463_7153832592104607019.mp3,Emotional
1_deepak_jena_7438_929_1571139022_6747990700937235714.mp3,Romantic
0_viceworldnews_1670347502_7174087872763464966.mp3,Intense
1_Cópia de maccading_1660235829_7130658574891601158.mp3,Emotional
1_Cópia de thegarbagequeen_1599435598_6869523546075335941.mp3,Dark
1_simplekto1_1586846944_6815455715872820482.mp3,Majestic
2_yourlittle.uncle_1597314967_6860415502506839297.mp3,Positive
0_postmodern_animal_1649691475_7085370929731210502.mp3,Intense
1_leaveourcountryb_1671213685_7177808104371883269.mp3,Dramatic
1_originsproject_1574991571_6764537272424533254.mp3,Joyful
2_pivovarovvv_1636563715_7028987631354629377.mp3,Melancholic
1_thedtrain72_1674253576_7190863796464913669.mp3,Melancholic
2_doohanaja_1624105014_6975477912849960193.mp3,Emotional
1_shaddowbannedagain_1658019702_7121140374604680454.mp3,Dark
1_weather.chaser_1657033578_7116905013355531526.mp3,Hopeful
0_fundiambb1_1668108992_7164473517155683626(1).mp3,Powerful
1_deepak_jena_7438_929_1571614814_6750034116017786113.mp3,Emotional
1_grandawakening333_1673822363_7189012288756665606.mp3,Powerful
0_rommmazov_1653323623_7100970883367324933(1).mp3,Melancholic
0_skynews_1653937754_7103608555697229062.mp3,Emotional
1_captain_mcfingle_1569346946_6740293793167215878.mp3,Powerful
2_tweh18_1613447767_6929705309086682374.mp3,Dramatic
0_fundiambb1_1673074061_7185798262136376619(1).mp3,Emotional
2_usmonov_med_1618560437_6951664131741125889.mp3,Joyful
1_pankajmajoka82_1570787289_6746480019075239169.mp3,Majestic
1_maccading_1660235829_7130658574891601158.mp3,Emotional
0_vladymirfedorov_1667925404_7163685035474734341.mp3,Serious
0_harley_f1_1669669592_7171176264986938630.mp3,Intense
1_theoutcastprepper_1672761999_7184458059509550342.mp3,Dramatic
1_ssstik.io_1673708373924.mp3,Emotional
2_paintichi_1664794584_7150238232788143361.mp3,Melancholic
1_ssstik.io_1673708129338.mp3,Happy
1_kristijan.z_1608599423_6908881849490083078.mp3,Energetic
1_slayer.qt2_1649767955_7085699406154091822.mp3,Positive
0_ukraine_latest_1646599389_7072090521279155462.mp3,Melancholic
1_Cópia de itsthatlineguysky_1668022807_7164103356934425902.mp3,Melancholic
1_wuwuwomanenergy777_1666484873_7157497987374304558.mp3,Romantic
1_ssstik.io_1673709570634.mp3,Energetic
1_ssstik.io_1673709800982.mp3,Sad
1_themadartwumin_1655362108_7109726062078217477.mp3,Melancholic
1_ashmac__conservative_1603127035_6885378174688054530.mp3,Melancholic
2_eljonas99_1652925396_7099260503893085445.mp3,Melancholic
1_ssstik.io_1673708322996.mp3,Intense
1_freedomalltheway66_1659492221_7127464794612829445.mp3,Dark
1_butchbouchardq17_1660256634_7130747928305569029.mp3,Melancholic
1_eyeswideopen1984_1672812765_7184676059223264518.mp3,Serious
1_delusionsofganja_1669387024_7169962646446312710.mp3,Dramatic
0_alyonikn_1670798263_7176023873299680518.mp3,Sad
2_nikieta3146_1596288112_6856005196267539714.mp3,Melancholic
1_edkazlasu2_1656011064_7112513346330578181.mp3,Joyful
2_thanhcong12121234_1596815722_6858271246174522626.mp3,Sad
2_the_international_news_1651990022_7095243097214438661.mp3,Mysterious
1_worldwidepolitics01_1673301696_7186776035847965958.mp3,Powerful
1_delusionsofganja_1669650133_7171092695744548101.mp3,Dramatic
1_ssstik.io_1673709827252.mp3,Dark
1_prezelectcherryagain_1674238287_7190798573884443950.mp3,Dramatic
0_prestonstew_1658093155_7121455862845213998.mp3,Dark
1_delusionsofganja_1670007478_7172627487724260613.mp3,Dramatic
1_ssstik.io_1673708965412.mp3,Passionate
0_mykhailova.aa_1673388033_7187146852817505541.mp3,Triumphant
0_remybuisine_1645707593_7068260288444796166.mp3,Passionate
2_vtc.tech_1645063800_7065304602266160385.mp3,Serious
0_fabi._.mapping_costarica_1653931929_7103583534190759174.mp3,Dark
2_guillaumeetkim_off_1594750833_6849402663952551174.mp3,Passionate
0_simba_thetravelcat_1650820849_7090221553182379270.mp3,Serious
0_me.1cloud_1667718285_7162795436091116805.mp3,Dramatic
1_butchbouchardq17_1660344036_7131123322552700166.mp3,Dark
2_ibra_cats_1642775888_7055668708865363206.mp3,Dark
2_techphone2022_1674738196_7192945742040894746.mp3,Melancholic
1_tuckerthorn_1670272078_7173763906425523502.mp3,Emotional
0_michaelshafar_1646288497_7070755249753050370.mp3,Dramatic
2_ibra_cats_1655295279_7109439067309231366.mp3,Passionate
2_jp.actual_1652114620_7095778258943348014.mp3,Melancholic
1_delusionsofganja_1670322625_7173980996646423814.mp3,Dramatic
1_shivambhadouriya45_1574101354_6760713728716459265.mp3,Dramatic
1_kerigoncalves_1661524530_7136193494267432238.mp3,Dramatic
0_______cherry_m_1647427747_7075648290615807238.mp3,Melancholic
2_anovteam1202.2.0_1642749180_7055554001030384923.mp3,Melancholic
1_simon.brown1a_1619082658_6953907010396114182.mp3,Positive
1_butchbouchardq17_1659467847_7127360116445236486.mp3,Powerful
2_misslan99_1596334368_6856203836973976833.mp3,Romantic
1_ashishpanwar034_1571041755_6747572942495911170.mp3,Serious
0_moisei.bondarenko_1664478042_7148878736971025670.mp3,Happy
2_broccolineeee_1625746651_6982528669453389062.mp3,Dramatic
1_delusionsofganja_1669455374_7170256196413164806.mp3,Dramatic
1_simplekto1_1580050130_6786263618536131841.mp3,Dramatic
2_ceritamodisfashion_1638050573_7035373615382072602.mp3,Sad
2_ilhampop1_1607367177_6903589448567557377.mp3,Sad
1_eyeswideopen667_1670951447_7176681809650978054.mp3,Majestic
2_ksa.zo_1671055459_7177128488338492714.mp3,Mysterious
0_trejos.tacos_1646532372_7071802687251025195.mp3,Emotional
1_trueearthoverscientism_1669674386_7171196856205167877.mp3,Positive
1_mental_as_mel_1663980503_7146741709076974850.mp3,Dramatic
1_irish1916irish_1674826060_7193323129467374854.mp3,Mysterious
0_dennis1645_1669192526_7169127278272662789.mp3,Hopeful
0_i.piss.in.the.shower_1648223815_7079067376259435818.mp3,Powerful
1_the80sladreturns_1672477232_7183234982586977541.mp3,Mysterious
2_nquehmx_1643241656_7057669167201242373.mp3,Emotional
1_ssstik.io_1673709638959.mp3,Serious
0_tpmds.com_1647661736_7076653260953718043.mp3,Dramatic
0_khodakowskayaa_1662140301_7138838208158158086.mp3,Melancholic
2_mecdelalumiere_1666734560_7158570395061243141.mp3,Dramatic
2_gaixinhfullhd_1599224060_6868615022239632641.mp3,Brooding
0_sofiazorska_1650021858_7086789908383141126.mp3,Dark
1_endthestruggletogether_1674770353_7193083876867116293.mp3,Dark
0_blackmaplecompany_1670600183_7175173131504487685.mp3,Mysterious
0_taras_chervonenko__1656570072_7114914250790866181.mp3,Dark
2_inn_news_1631953333_7009186189739674882.mp3,Dark
2_vorchlivayababulya_1627673322_6990803681306234114.mp3,Emotional
2_nguyenhuong20391_1597508794_6861247957576994049.mp3,Majestic
0_fundiambb1_1649715496_7085474102810512686.mp3,Dark
1_rainbow.goddess1111_1670491654_7174706986506882305.mp3,Energetic
2_mikevesio_1674281229_7190983061067042094.mp3,Majestic
1_ssstik.io_1673709050289.mp3,Dark
0_military_zone777_1654251673_7104956810842377477.mp3,Romantic
2_enriquepaco2004_1652317790_7096650857915108614.mp3,Powerful
0_joeycontino2_1671750585_7180114034790845738.mp3,Sad
1_ssstik.io_1673708492943.mp3,Majestic
1_butchbouchardq17_1660346101_7131132186526223621.mp3,Intense
0_enotova.kk_1649609230_7085017689848106246.mp3,Dramatic
0_viceworldnews_1664555534_7149211556973120774.mp3,Emotional
1_ssstik.io_1673708779792.mp3,Dramatic
2_doza_zilnica_1588094454_6820813741420989701.mp3,Romantic
0_fortnitegod04__1674588806_7192304050094755118.mp3,Melancholic
0_unique.planet_1652194814_7096122680885251334.mp3,Mysterious
0_valerie.s.o_1646824118_7073055715560131846.mp3,Majestic
2_rok_um_1611937051_6923216864499748101.mp3,Dark
0_norarm_tactical_1667665544_7162568954597149957.mp3,Triumphant
1_thestarknakedbrief_1635889195_7026090588839759109.mp3,Sad
1_yknotforge_1623680614_6973655115735633158.mp3,Dramatic
0_freshappletea_1668851994_7167664716305714438.mp3,Happy
2_hugecharles_1636405200_7028269168466103557.mp3,Dramatic
0_student_max_1673638428_7188222295918398725.mp3,Majestic
2_rossi.rodrigo_1606143597_6898334217235647746.mp3,Powerful
2_13doctorwhoo_1594968601_6850337951512104194.mp3,Passionate
1_deepak_jena_7438_929_1570813767_6746593730586840322.mp3,Melancholic
1_bella.wella2222_1673041632_7185659075785526533.mp3,Powerful
0_simonkalee_1643929069_7060621586264509701.mp3,Mysterious
0_u.w.u._w_1667742440_7162899215490796806.mp3,Dark
2_alhomsialaa90_1669298720_7169583388758658309.mp3,Powerful
2_batritv98_1596801043_6858208217013570818.mp3,Melancholic
2_anhemtv.vn_1611971520_6923364938094251266.mp3,Passionate
2_linary1994_1596248187_6855833726438460673.mp3,Melancholic
2_t_studio_crafts_1598517304_6865579515825917185.mp3,Dramatic
0_kamila13_45pm_1645680900_7068145631088348422.mp3,Majestic
0_katiejgln_1650882848_7090487827321851142.mp3,Romantic
1_debiprasad344_1571968073_6751551408371272961.mp3,Sad
2_viyeumaden__1602171380_6881273675593567490.mp3,Happy
1_apocalypsenext9_1671942006_7180936212117556486.mp3,Serious
1_arn_mann_1660695557_7132633095970278702.mp3,Emotional
1_swiftcreekmafia_1657644159_7119527434491530542.mp3,Dark
2_trangsucthanhmai123_1596159170_6855451396121070850.mp3,Majestic
0_the.yeva_1668540092_7166325109471448326.mp3,Cheerful
2_deserthorror_1625347079_6980812535289220358.mp3,Hopeful
0_trump_r_1667925388_7163684973873057030.mp3,Emotional
2___jahid_06_1651394449_7092685149862645019.mp3,Intense
0_mcmirage_1668036127_7164160562174151942.mp3,Emotional
1_delusionsofganja_1669543077_7170632880291400965.mp3,Dramatic
0_vladymirfedorov_1674158151_7190454493190917382.mp3,Dramatic
2_seoultravel_1602115753_6881034748035124482.mp3,Positive
0_cropnk_the_redneck_1672621538_7183854757851827498.mp3,Energetic
1_Cópia de truetimetraveler_1612997409_6927771062746778885.mp3,Joyful
2_hieu_quyen_1595778102_6853814728628784386.mp3,Joyful
2_leafystreet_1647993032_7078076175091879210.mp3,Joyful
0_mysticalsilent3er_1664645872_7149599522354760987.mp3,Dramatic
0_fundiambb1_1663616822_7145179754914680110.mp3,Melancholic
1_redpilladministrator_1673216670_7186410851874753797.mp3,Emotional
1_Cópia de notthebestbutt_1611361019_6920742813755903237.mp3,Powerful
2_babaroba_1594718550_6849264001583533317.mp3,Passionate
1_haroldhartsock2_1673962360_7189613444398714158.mp3,Joyful
1_evil_shroom_1635864238_7025983398883773702.mp3,Dark
2_callmegrand_1636025817_7026677375496768794.mp3,Melancholic
2_fast_media_1595945825_6854535098591661313.mp3,Passionate
0_warreasons_1667867835_7163437783338585390.mp3,Romantic
2_bio._.owl_1656888213_7116280668790754565.mp3,Dramatic
1_ssstik.io_1673709678388.mp3,Emotional
0_herathebluestaffy_1645835240_7068808524419140869.mp3,Serious
2_jarm_1598175044_6864089755219545345.mp3,Dramatic
1_prezelectcherryagain_1674572848_7192235487531289902.mp3,Positive
0_levko_art_1651836094_7094581989201775877.mp3,Majestic
1_ranchlife3282_1616698026_6943665135097597190.mp3,Passionate
2_yourlittle.uncle_1596284503_6855989694665084162.mp3,Cheerful
2_bonp1696_1594961356_6850306832209022210.mp3,Passionate
2_panbabyy_1597221323_6860013303100443905.mp3,Powerful
0_camhigby10_1645829264_7068782864631926058.mp3,Joyful
0_aus.military_editz101_1667460694_7161689071868235010.mp3,Emotional
0_dasmandia_1647102790_7074252613520215301.mp3,Emotional
0_fundiambb1_1665177265_7151881853270510894.mp3,Passionate
2_charlie__castro_1663032746_7142671202954366213.mp3,Powerful
0_mr.brrrrrrrrrrrrt_1653125198_7100118627461942571.mp3,Melancholic
1_jaganathasahoo7_1571080546_6747739504897051906.mp3,Serious
2_batritv98_1596032186_6854906015868079362.mp3,Positive
2_toan_co_ngoc_1597318141_6860429131251748097.mp3,Brooding
2_nguyentrung8847_1595923057_6854437311086628098.mp3,Dark
1_prezelectcherryagain_1674574232_7192241427550670126.mp3,Dark
1_Cópia de themadartwumin_1656420567_7114272142556007685.mp3,Melancholic
0_nezhinova_1659992941_7129615379499863301.mp3,Powerful
2_falsaif_1578229135_6778442496646122758.mp3,Powerful
0_newdaymoscow_1651938395_7095021376410488070.mp3,Sad
1_Cópia de hansen.seth0_1630175920_7001552258701856006.mp3,Melancholic
0_marchy_rider_1661193807_7134773046866365702.mp3,Melancholic
2_ibra_cats_1626616954_6986266596545219845.mp3,Triumphant
1_hansen.seth0_1630175920_7001552258701856006.mp3,Melancholic
2_gypsy.tech_1666312636_7156758237210053894.mp3,Sad
1_vendetta1974_1663849364_7146178583906487557.mp3,Cheerful
2_traveleiros_1621379184_6963770553429708037.mp3,Triumphant
2_jourdanelyssa_1651249034_7092060591854046506.mp3,Emotional
2_future_visi0n_1605003536_6893437686992882946.mp3,Brooding
0_mrfaradaylll_1671612285_7179520050708204806.mp3,Mysterious
1_deepak_jena_7438_929_1571398622_6749105677597216001.mp3,Melancholic
0_krawieckim_1647940825_7077851939391687941.mp3,Powerful
1_slavicconservative_1584478454_6805283135534697733.mp3,Brooding
0_stason4uk_atamaniuk_1665484420_7153201060880960774.mp3,Powerful
1_Cópia de originalcuddles_1625113733_6979810309074636038.mp3,Mysterious
1_prezelectcherryagain_1674583402_7192280813088640298.mp3,Emotional
0_vixur.ozen_1665123065_7151649022414032134.mp3,Romantic
1_simplekto1_1587756358_6819361591360752897.mp3,Joyful
2_gaixinhfullhd_1596100280_6855198477576834306.mp3,Majestic
1_deepak_jena_7438_929_1572004667_6751708612080553218.mp3,Mysterious
2_dapoets_1590277272_6830185620770426117.mp3,Sad
2_dtnd1704_1597280811_6860268755159682305.mp3,Serious
1_deepak_jena_7438_929_1571393189_6749082343048219906.mp3,Dramatic
0_weekend.vn.tour_1657794940_7120175032499735813.mp3,Emotional
1_birgitteoerregaard_1673972633_7189657694872096006.mp3,Powerful
1_thedtrain72_1673880928_7189263257058823430.mp3,Dark
1_delusionsofganja_1669807703_7171769451207986438.mp3,Dramatic
2_digitaltrendsss_1601252058_6877325072038677766.mp3,Romantic
0_t_karochka_1665430966_7152971509898890502.mp3,Mysterious
0_anarchistleek_1643206611_7057518650525306118.mp3,Mysterious
0_the.kir.ko_1660682612_7132577496398155014.mp3,Dramatic
1_redpilladministrator_1675018593_7194150061587107078.mp3,Emotional
2_viyeumaden__1602658476_6883365728964136194.mp3,Energetic
2_althaf_dnz__1560311830_6701488282712149253.mp3,Happy
1_dollarvigilanteofficial_1665074008_7151438390695660805.mp3,Triumphant
1_butchbouchardq17_1659472818_7127381460675333382.mp3,Melancholic
2_jump2mars_1634134782_7018555442884365570.mp3,Hopeful
1_yvonnethart_1675022967_7194168847631486214.mp3,Powerful
0_yavvaleria_1656229117_7113449851832077574.mp3,Dramatic
1_jaysoloftito_1633721180_7016779034646433029.mp3,Energetic
2_unbox_ph_1624853433_6978692339468389633.mp3,Sad
0_morriganamber_1646351054_7071023932362591534.mp3,Brooding
0_fundiambb1_1665718381_7154205937002188075.mp3,Powerful
1_illuminati_church__1647231707_7074806300843969798.mp3,Romantic
2_jinungi_1594987348_6850418475614194945.mp3,Passionate
2_charlypi_1569457254_6740767558112120070.mp3,Sad
2_lethimai.204_1595922216_6854433700197797122.mp3,Dark
0_ervesto77_1650404328_7088432610371816709.mp3,Dark
1_delusionsofganja_1670001098_7172600085736475910.mp3,Dramatic
0_tekhas_thasuke_witko_1658402671_7122785201930931498.mp3,Melancholic
2_uae.nation_1651832043_7094564594944904450.mp3,Serious
1_vickyhr02_1571070374_6747695853856673025.mp3,Dark
1_gabrielendofdays_1660497837_7131783890544364806.mp3,Melancholic
2_telecastky_1664993677_7151093313804848430.mp3,Emotional
0_palyanitsaa_1649862234_7086104336249425157.mp3,Melancholic
0_soxaeditss_1670876188_7176358570617851142.mp3,Triumphant
1_garysworldpodcast_1662393767_7139926842986777861.mp3,Melancholic
2_viyeumaden__1602257084_6881641770225126657.mp3,Triumphant
2_to1_offcl_1599013716_6867711591761169665.mp3,Passionate
0_trump_r_1666607546_7158024884898024710.mp3,Sad
2_quangbeorevieww_1596874313_6858522909426650369.mp3,Emotional
1_ssstik.io_1673708708579.mp3,Cheerful
0_thehistorylegends_1655652586_7110973698038877445.mp3,Dramatic
1_big76er_1662479010_7140292952827514155.mp3,Melancholic
1_butchbouchardq17_1659494288_7127473664953552133.mp3,Mysterious
2_mr_dung_1995_1596092034_6855163058248109313.mp3,Emotional
0_nata_shame_1673720368_7188574228151553286.mp3,Dark
1_truetimetraveler_1612997409_6927771062746778885.mp3,Joyful
2_onlyfiber_1646278459_7070712138431532330.mp3,Powerful
1_butchbouchardq17_1659325722_7126749663327309061.mp3,Romantic
1_ssstik.io_1673709994896.mp3,Serious
1_irish1916irish_1674485248_7191859359981374725.mp3,Powerful
1_therealsaltydna_1617393833_6946653607420759302.mp3,Sad
1_kunwarvishalpermar_1571499265_6749537930974448897.mp3,Sad
1_shivambhadouriya45_1573224088_6756945978890276098.mp3,Sad
1_butchbouchardq17_1659397897_7127059677568929029.mp3,Powerful
2_deutschetelekom_1669897120_7172153492700810502.mp3,Intense
2_jovensdatelecom_1672246321_7182243237669686533.mp3,Dramatic
2_kieudung0605_1597030984_6859195780234792194.mp3,Dramatic
0_siox.aep_1667914274_7163637229678611717.mp3,Hopeful
1_mobilebanditofficial_1628795586_6995623767640673542.mp3,Dramatic
0_chernobyl_guide_1646063105_7069787197955738885.mp3,Dramatic
2_pubg_battlegrounds_vn_1596170935_6855444186292833537.mp3,Passionate
1_gladdebilnaad_1650664368_7089549468072267013.mp3,Dramatic
0_fundiambb1_1662260138_7139352920704814382.mp3,Powerful
2_nick_radogna_1623582458_6973233533007498502.mp3,Mysterious
2_plmnkoi_1596982689_6858988370622729474.mp3,Joyful
0_natalka.shchuka_1651500913_7093142400561958150.mp3,Sad
1_omahi.tiktok_1614128348_6932628407171812614.mp3,Serious
1_wuwuwomanenergy777_1650148330_7087333106826480939.mp3,Dramatic
0_wanhedaa_1646643443_7072279724982095109.mp3,Serious
2_xuanngoc2703_1596018105_6854845542808161537.mp3,Happy
1_kbehera7751866311_1571315317_6748747882393881857.mp3,Melancholic
1_ssstik.io_1673709949110.mp3,Romantic
1_thegarbagequeen_1599435598_6869523546075335941.mp3,Dark
0_nataliia_nataliiaa_1651077426_7091323540414156038.mp3,Romantic
2_banhbao9601_1596952144_6858857187154873602.mp3,Hopeful
1_suhanidas0_1570939428_6747133451297623297.mp3,Melancholic
1_cooperhernick_1652522083_7097528287651466501.mp3,Emotional
1_shivambhadouriya45_1573997583_6760268119354150145.mp3,Emotional
0_zhukova_t_1647618483_7076467498182266117.mp3,Melancholic
0_fxcking.military_1672985512_7185418006728609029.mp3,Melancholic
2_noronikoyan_1644012295_7060979034322128129.mp3,Positive
1_ssstik.io_1673710339811.mp3,Intense
2_jourdanelyssa_1673682012_7188409294285573419.mp3,Triumphant
0_revedzhuk_official_1663693749_7145510218091400453.mp3,Melancholic
0_enotova.kk_1649782484_7085761809398893830.mp3,Hopeful
2_mg.store.quanaocaocap_1596317786_6856132451253685506.mp3,Passionate
1_strongmomwhosaysthefbomb_1660741664_7132831110458805546.mp3,Dark
2_ericryanericryan_1620772099_6961163144320388357.mp3,Melancholic
1_butchbouchardq17_1660337504_7131095264688983301.mp3,Mysterious
0_maryna_dreammmmer_1668235269_7165015876335340806.mp3,Dramatic
2_onlyfiber_1591023754_6833394980120317190.mp3,Cheerful
2_ronniplz_1628634886_6994933565519711493.mp3,Sad
2_ifravewear_1593047747_6842087958972026118.mp3,Dark
2_android_blogger_1663680340_7145452621044681990.mp3,Energetic
1_butchbouchardq17_1659385324_7127005680522857733.mp3,Happy
1_ssstik.io_1673710442140.mp3,Powerful
1_tj_stufflebeam_1618590830_6951794666865970437.mp3,Dramatic
1_ashanddad_1673271565_7186646631343721734.mp3,Emotional
2_t_u_a_n_a_n_h_1907_1596606629_6857373198795771137.mp3,Energetic
2_natepetroski_1636928797_7030555645598354694.mp3,Dramatic
2_kunaljha532_1592017334_6837662368093326594.mp3,Passionate
2_eljonas99_1652837098_7098881265851469062.mp3,Dark
1_delusionsofganja_1669304724_7169609169052470533.mp3,Dramatic
2_bobbatov_1595251165_6851551559688457474.mp3,Melancholic
0_asapafg_1666552303_7157787612542029061.mp3,Powerful
2_samsam4896_1610716514_6917974742381169922.mp3,Happy
2_digitalsay_1603423357_6886650658120846597.mp3,Dark
0_brutofficiel_1645789377_7068611542819933445.mp3,Passionate
1_paulius099_1674149079_7190415528706575621.mp3,Dark
2_digitalsay_1599641780_6870408989365095685.mp3,Triumphant
1_ssstik.io_1673708173863.mp3,Happy
1_commonsensechristianity_1621364589_6963707871586454789.mp3,Melancholic
1_deepak_jena_7438_929_1571151732_6748045289275313409.mp3,Positive
0_moisei.bondarenko_1673976545_7189674493068233990.mp3,Powerful
1_jasper_newton_daniel_1663902504_7146406779625147690.mp3,Dramatic
2_chee_1003_1595842271_6854090337997131009.mp3,Passionate
2_vien.toc.truongtienhai_1595824020_6854011945801108738.mp3,Brooding
1_insideouta_z_1659544081_7127687538805837099.mp3,Positive
1_slayerqt_1639930112_7043446188653415726.mp3,Melancholic
0_vl_aferistkka__1654650667_7106670472795933958.mp3,Powerful
1_shaddowbannedagain_1658060384_7121315090888002821.mp3,Dramatic
2_ireveyvey_1624199421_6975883387693305089.mp3,Melancholic
0_a.strokova_1668632122_7166720375957769477.mp3,Serious
1_poojasharma9617_1571168740_6748118133891943682.mp3,Powerful
2_batritv98_1595848515_6854117156599139586.mp3,Powerful
0_vladymirfedorov_1668457381_7165969865289846021.mp3,Dramatic
1_deepak_jena_7438_929_1571913924_6751318869442448642.mp3,Melancholic
0_palyanitsaa_1648461552_7080088444529118470.mp3,Melancholic
0_vitaliibikhunov_1662452210_7140177769337605382.mp3,Serious
2_nhaiart109_1600416913_6873738285668257025.mp3,Romantic
1_Cópia de shaddowbannedagain_1658021079_7121146289328262406.mp3,Sad
0_fundiambb1_1663360371_7144078364322630955.mp3,Melancholic
1_ssstik.io_1673708682829.mp3,Triumphant
1_deepak_jena_7438_929_1571149866_6748037272647519489.mp3,Dark
0_fundiambb1_1664861776_7150526704522399022.mp3,Powerful
1_deepak_jena_7438_929_1570853220_6746763190635400449.mp3,Powerful
1_ingersolldairyfarm_1643482339_7058702895516126510.mp3,Emotional
0_ervesto77_1649887168_7086211427509341446.mp3,Powerful
1_ssstik.io_1673709169905.mp3,Emotional
1_itsthatlineguysky_1668113496_7164492863370399022.mp3,Dramatic
1_andrewnaltimari_1587771672_6819427402590997765.mp3,Powerful
0_insideyoureyes_1652612587_7097917004593532165.mp3,Dramatic
1_butchbouchardq17_1660243037_7130689532105723141.mp3,Mysterious
2_simla_97_1597332180_6860489406927736066.mp3,Joyful
1_ceana22_1650817826_7090208570217745706.mp3,Energetic
2_jourdanelyssa_1652327258_7096691518223879470.mp3,Sad
0_amjad_176__1657984225_7120988011117939974.mp3,Dark
1_illuminati_church__1647090121_7074198197693975813.mp3,Emotional
1_redpilladministrator_1673110642_7185955469171739909.mp3,Sad
2_upvotereddit_1664125630_7147365138876730630.mp3,Brooding
1_delusionsofganja_1669402967_7170031127468559622.mp3,Dramatic
1_frombrooklyntofarming_1609114881_6911095723480108293.mp3,Emotional
1_delusionsofganja_1670117193_7173098698304474374.mp3,Dramatic
1_ssstik.io_1673709521181.mp3,Powerful
1_ssstik.io_1673708635503.mp3,Dark
2_sadapintekno_1626085824_6983985429049625882.mp3,Intense
2_zyzy2112_1596944051_6858822410699902209.mp3,Cheerful
1_prezelectcherryagain_1674575385_7192246385360604459.mp3,Brooding
1_beaglebennett_7_1658161344_7121748724073729286.mp3,Intense
0_shamayill_1646225906_7070486424478371074.mp3,Powerful
0_ed_volunteer_1666108659_7155882178826489093.mp3,Dramatic
0_fundiambb1_1665454953_7153074528300698926.mp3,Dramatic
0_alkiri_latori4_1655607850_7110781551750810886.mp3,Dramatic
1_ssstik.io_1673710223337.mp3,Mysterious
2_thich.xem.hai_1597718587_6862114482299129090.mp3,Sad
1_fearofthelord_1658707468_7124094291999329578.mp3,Emotional
1_stainless2_1657551320_7119128692865076526.mp3,Emotional
1_deepak_jena_7438_929_1572058895_6751941509974641922.mp3,Romantic
0_alabaybabay_1659442113_7127249587521228038.mp3,Emotional
2_yosephgetahun_1665472021_7153147828980780293.mp3,Brooding
1_ssstik.io_1673708464053.mp3,Melancholic
2_trungamedio_1596337516_6856217380117286146.mp3,Emotional
2_leo.win8_1595917518_6854413519400619266.mp3,Hopeful
0_fundiambb1_1674683047_7192708853065207083(1).mp3,Dramatic
2_rossi.rodrigo_1606230034_6898705459763563778.mp3,Serious
1_kes.io_1649656379_7085220188672609582.mp3,Sad
1_ssstik.io_1673709257528.mp3,Serious
2_smartprix_1586932623_6815823703679470849.mp3,Emotional
1_delusionsofganja_1670130090_7173154050324565254.mp3,Dramatic
1_1earth_shenanigans_1657515325_7118974099703106862.mp3,Powerful
1_deepak_jena_7438_929_1571308492_6748718569678294274.mp3,Melancholic
1_monkeyboy20000_1671550354_7179254089627274502.mp3,Mysterious
1_ssstik.io_1673708719558.mp3,Romantic
1_ssstik.io_1673710396968.mp3,Positive
1_phillipo83jc_1675032197_7194208487113510149.mp3,Majestic
2_ktsdinhnguyen_1597323962_6860454136949837057.mp3,Emotional
2_dai.an.louis.a_1596887190_6858578221139496194.mp3,Energetic
1_bellacrux__1673710984_7188533908147834114.mp3,Sad
2_naryki_1645115528_7065717381347446062.mp3,Intense
1_ssstik.io_1673709533949.mp3,Intense
1_alyxina_1659535379_7127650154248817926.mp3,Melancholic
0_adriana__bo_1664555147_7149209897907916038.mp3,Brooding
2_nicodes4keuss3_1658432296_7122912459106553094.mp3,Serious
0_dasmandia_1645880213_7069001683103124742.mp3,Hopeful
0_pan_navic_1663754466_7145770966939880709.mp3,Emotional
2_thanhpate_1594696262_6849168255970544898.mp3,Passionate
1_blackflag1987_1615914694_6940300751000308998.mp3,Powerful
2_eve_tsu_1593614893_6844523816144686337.mp3,Passionate
2_vaneloopez92_1594767781_6849475452902395142.mp3,Passionate
2_bajolijocelluler_1671097030_7177307067500219675.mp3,Dramatic
1_hushcasttv2_1664918340_7150769763436842286.mp3,Passionate
1_stainless2_1658154624_7121719863210544427.mp3,Dramatic
2_mr.jass47_1603098737_6885256639625071874.mp3,Passionate
2_mianazhar2_1672589994_7183719297506643226.mp3,Cheerful
2_mykemetzger_1585276071_6808708875886333189.mp3,Emotional
2_waqasghuman6_1648868742_7081837320382582042.mp3,Melancholic
1_ssstik.io_1673709714037.mp3,Hopeful
2_karimdaddyslim_1590747075_6832206640222129413.mp3,Brooding
1_moleculardrugs_1605254261_6894513772388568326.mp3,Dramatic
1_ssstik.io_1673710025139.mp3,Dramatic
1_stainless2_1663256154_7143630729505803566.mp3,Melancholic
2_loste_videos0_1669541322_7170625337527749893.mp3,Powerful
2_omanhi040901_1596012715_6854822387943214338.mp3,Sad
0_blackmaplecompany_1670754482_7175835833050680581.mp3,Dramatic
0_patrykjakiofficial_1649271781_7083568358376983813.mp3,Dramatic
1_Cópia de dollarvigilanteofficial_1665074008_7151438390695660805.mp3,Triumphant
2_desatomico_1667055578_7159949168595750150.mp3,Brooding
2__iamtuant_1596616910_6857417363680218370.mp3,Emotional
1_biblicalchristianliving_1634998385_7022264588934712581.mp3,Powerful
0_tekhas_thasuke_witko_1654068909_7104171851437460778.mp3,Serious
1_ssstik.io_1673708749795.mp3,Energetic
1_newmemesorder_1669763784_7171580826239438085.mp3,Emotional
1_ssstik.io_1673708422601.mp3,Dramatic
1_ssstik.io_1673709848378.mp3,Majestic
2_t_studio_crafts_1597505470_6861233695928470785.mp3,Sad
0_www.klitor_1668802225_7167450965010844933.mp3,Dramatic
2_jmaxbucaramanga_1655614025_7110808059659701510.mp3,Positive
0_kartontonya_1649621281_7085069449895677189.mp3,Dramatic
2_jozadig_1595091629_6850866373283892485.mp3,Hopeful
2_mythuanpham7_1602057129_6880782962141482241.mp3,Brooding
2_truth_triumphant_1627768960_6991214436379790598.mp3,Happy
1_delusionsofganja_1669455060_7170254836947029254.mp3,Dramatic
1_ciaociaofoxy_1630662798_7003643370862136582.mp3,Dark
2_hellogeek_1602683895_6883474905191484674.mp3,Melancholic
1_Cópia de worldwidepolitics0_1667852618_7163372437378174214.mp3,Positive
2_ibra_cats_1631785558_7008465589891026181.mp3,Powerful
1_ssstik.io_1673708951676.mp3,Intense
2_plmnkoi_1596295126_6856035309939969282.mp3,Intense
1_ssstik.io_1673708262334.mp3,Dramatic
1_butchbouchardq17_1660342231_7131115557826415878.mp3,Powerful
1_jamessavoulidis_1674188928_7190586646037843202.mp3,Melancholic
1_tiktoker_team0_1_1571669728_6750270065532292353.mp3,Melancholic
1_dream.fuel_1603376472_6886449133448629510.mp3,Dramatic
2_magician510_1594199043_6847032726848064770.mp3,Passionate
1_livethrive_1675016482_7194140960165547306.mp3,Romantic
2_lolmobilereplaytiktok_1596813307_6858260887174778114.mp3,Positive
0_president.putin.fanpage_1646349672_7071017994322709766.mp3,Intense
2_jsem_fila_1653852056_7103240483811413253.mp3,Dark
0_ollietowl_1646240868_7070550685833628933.mp3,Romantic
2_t_studio_crafts_1597145286_6859686730589588738.mp3,Melancholic
1_junterbiden_1653572376_7102039265772768558.mp3,Dramatic
2_ngatranvungtau_1596517229_6856989237581974785.mp3,Melancholic
0_europeantiktoker_1674050802_7189993426144840966.mp3,Mysterious
1_kbehera7751866311_1571233277_6748395521548864769.mp3,Dark
1_jakericcacomedy_1583756371_6802181792771214597.mp3,Dramatic
2_ibra_cats_1626368345_6985198839036677381.mp3,Energetic
0_harley_f1_1670534101_7174889260183473414.mp3,Dramatic
0_fundiambb1_1674506996_7191952707547188522.mp3,Powerful
2_lolmobilereplaytiktok_1597319450_6860434755222048002.mp3,Emotional
2_yourlittle.uncle_1596381765_6856407424484592897.mp3,Triumphant
1_Cópia de mfeast99_1653083489_7099939519364861230.mp3,Happy
2_hokuro_ho__kuro_1603509389_6887020376291872002.mp3,Powerful
2_truonghao.com_1596783287_6858131946908781826.mp3,Serious
2_ezdk18_1613441077_6929676602007620869.mp3,Intense
1_uptonm275_1673101560_7185916315285179694.mp3,Dramatic
2_jourdanelyssa_1655569815_7110618209950305582.mp3,Melancholic
0_malanixs_1655415268_7109954422033140997.mp3,Powerful
2_tiziacolella_1587753745_6819350399481400581.mp3,Dramatic
0_konon__1668240292_7165037458961288453.mp3,Majestic
2_plmnkoi_1597506596_6861238533143792897.mp3,Happy
2_mandarose00_1629925509_7000476749175753990.mp3,Dramatic
1_ssstik.io_1673708223218.mp3,Melancholic
2_dgardida_1610821164_6918424162809728262.mp3,Melancholic
1_notthebestbutt_1611361019_6920742813755903237.mp3,Powerful
1_mr_abhishek.v_1571654993_6750206782863363330.mp3,Brooding
0_element_x5_1655469225_7110186157861817605.mp3,Cheerful
1_jamessavoulidis_1673414127_7187258912322620673.mp3,Dramatic
0_yar0slav_yar0slav_1671978027_7181090925790186758.mp3,Sad
1_wuwuwomanenergy777_1652226375_7096258245026663726.mp3,Powerful
2_quyengiammo_giamcan_1596511365_6856964038295866626.mp3,Dramatic
1_creative_society_uk_1674647947_7192558126250462470.mp3,Energetic
0_ladddushka_1668459861_7165980519648218374.mp3,Cheerful
1_butchbouchardq17_1659387098_7127013305108991238.mp3,Melancholic
0_cfchunytskyi_1661421143_7135749439397891333.mp3,Passionate
1_butchbouchardq17_1660339985_7131105923828894981.mp3,Powerful
2_quyengiammo_giamcan_1597212670_6859976138043690241.mp3,Joyful
2_wwwizarddd_1630168559_7001520642864581894.mp3,Passionate
1_ssstik.io_1673708653938.mp3,Dramatic
0_aus.military_editz101_1666608621_7158029485256772865.mp3,Emotional
2_its.gonzo_1629338216_6997954348776951046.mp3,Majestic
0_moisei.bondarenko_1668192260_7164831174152703237.mp3,Serious
2_lauwang_vuabuffetlau_1596981586_6858983641490476290.mp3,Intense
2_ghettienganh_1599397194_6869358630081285377.mp3,Cheerful
2_hehee30012000_1596188706_6855578266238045441.mp3,Majestic
2_creativecookingg12_1598582923_6865861322127592709.mp3,Emotional
0_future_ua_com_1666677032_7158323302774082822.mp3,Passionate
2_bikesbeerbiceps_1659652553_7128153426097114411.mp3,Emotional
0_lp_ukrainian_team_1664116271_7147324936133020933.mp3,Melancholic
1_a.caseypodcast_1673889825_7189302034888248581.mp3,Emotional
1_ssstik.io_1673708697211.mp3,Energetic
0_petriivna_1662979045_7142440571259342085.mp3,Brooding
1_arn_mann_1658280017_7122258431444176174.mp3,Dramatic
0_jekademian_1665167645_7151840560301624581.mp3,Dramatic
1_poojasharma9617_1571340028_6748853976449551618.mp3,Dramatic
0_zavor93_1666471690_7157441389549112582.mp3,Happy
2_nguyenduc0106_1596289357_6856010541039619329.mp3,Joyful
1_beaglebennett_7_1663086948_7142904030006693126.mp3,Mysterious
0_ervesto77_1651403749_7092725082610486534.mp3,Serious
1_aryanmanoharthorat123_1571665112_6750250242869841154.mp3,Emotional
2_falsaif_1572884666_6755488186455133445.mp3,Dark
0_dimitriushakov_1645858580_7068908771732409626.mp3,Dramatic
1_diverdownwyo_1657158091_7117439796753993002.mp3,Melancholic
1_engeleanth_1639947676_7043521633553845509.mp3,Emotional
0_fundiambb1_1663604902_7145128532522569006.mp3,Cheerful
1_shivambhadouriya45_1574102323_6760717944289840386.mp3,Intense
1_deepak_jena_7438_929_1571148775_6748032586934799618.mp3,Passionate
2_eikichi.ch_1596981116_6858981632485903617.mp3,Brooding
1_poojasharma9617_1571340266_6748854996307053825.mp3,Passionate
0_mariia_white_1646897011_7073368789978565893.mp3,Serious
1_nh_99x_1633372291_7015280568623451398.mp3,Majestic
1_palomekedancemusic_1636056754_7026810246958042373.mp3,Mysterious
1____this.gal.tells.truths_1659813547_7128844893446737157.mp3,Dramatic
0_iamdrygg_1662723522_7141343123711577350.mp3,Powerful
1_liberalteardrinker321_1596599118_6857340955230473478.mp3,Dramatic
0_chernobyl_guide_1645965008_7069365874175560966.mp3,Powerful
0_blackmaplecompany_1670754482_7175835833050680581(1).mp3,Dramatic
0_tip_berlin_1645649669_7068011503596686598.mp3,Brooding
2_imyourhann02_1596113625_6855255797128023297.mp3,Dramatic
1_delusionsofganja_1670028799_7172719050680732934.mp3,Dramatic
1_ssstik.io_1673708191773.mp3,Dramatic
0_sumygard_1649964514_7086543621842881798.mp3,Powerful
2_diuribishop_1595951036_6854557463652371714.mp3,Romantic
1_Cópia de therealsaltydna_1617393833_6946653607420759302.mp3,Sad
1_rony_bidibaz_1571633517_6750114540496669954.mp3,Brooding
1_eyeswideopen1984_1672811503_7184670639259700486.mp3,Serious
2_stt_music_1597416238_6860850447268334850.mp3,Powerful
1_ssstik.io_1673708278814.mp3,Melancholic
2_maximusrufimus_1607123735_6902543740234190085.mp3,Romantic
1_craftcentric_1615697540_6939368069475110150.mp3,Dramatic
2_dieulinh127_1597114932_6859556332391959809.mp3,Serious
2_im_tom43_1596266660_6855913080388455682.mp3,Energetic
0_ed_volunteer_1666362870_7156974003620433157.mp3,Melancholic
2_tosakajunichi_1595923137_6854437655006940418.mp3,Passionate
0_simba_thetravelcat_1650637033_7089432068215557381.mp3,Serious
2_markycutiey_1608546227_6908653429246233858.mp3,Intense
2_jp.actual_1632166755_7010102830640024837.mp3,Emotional
1_Cópia de shaddowbannedagain_1658020766_7121144941081857286.mp3,Mysterious
2_bolsonaromessiasjair_1663937574_7146557443433041157.mp3,Joyful
2_backpacksirsir_1595486569_6852562604641029378.mp3,Passionate
2_ac2ality_1604663920_6891977863302499589.mp3,Emotional
1_simplekto1_1580050734_6786266209974291714.mp3,Mysterious
2_zanelee203_1597475133_6861103396422798594.mp3,Dramatic
1_simplekto1_1587671701_6818997970437000449.mp3,Happy
2_tilk_27_1647168112_7074533167046118661.mp3,Dark
1_shaunof701_1673711948_7188537978845793578.mp3,Powerful
1_deepak_jena_7438_929_1571913866_6751318620518862081.mp3,Romantic
1_delusionsofganja_1670346909_7174085319237700869.mp3,Dramatic
1_undead_patriot_1575393742_6766264586669706502.mp3,Serious
0_olegtolmachov_1649409632_7084160418087816454.mp3,Dark
1_analyzeandoptimize_1653401454_7101305164992351534.mp3,Melancholic
1_krissy0220_1609806644_6914066827341483270.mp3,Melancholic
1_ssstik.io_1673708508574.mp3,Dark
1_loganbarbosa_1611958403_6923308576253512965.mp3,Powerful
0_alkiri_latori4_1651022373_7091087078276025606.mp3,Dramatic
1_delusionsofganja_1669454431_7170252133365812485.mp3,Dramatic
1_delusionsofganja_1670325027_7173991315221318918.mp3,Dramatic
1_jaganathasahoo7_1571224504_6748357844946423042.mp3,Sad
1_illuminati_church__1647231811_7074806744660053253.mp3,Happy
2_ngatranvungtau_1597574166_6861528747435117825.mp3,Brooding
2_muhammed_kaan_1634309407_7019305449593867525.mp3,Emotional
0_fundiambb1_1674168357_7190498302318923054.mp3,Dramatic
1_prezelectcherryagain_1674668777_7192647554708802858.mp3,Cheerful
2_elmarstromiyagi_1595920440_6854426070800813317.mp3,Passionate
1_krissy0220_1609806869_6914067789263195397.mp3,Brooding
2_juhan5310_1594963870_6850317628884471041.mp3,Passionate
1_satyajitmallick1999_1571679345_6750311359818272001.mp3,Joyful
1_hollinessuman_1579833605_6785333639660997890.mp3,Brooding
1_mfeast99_1653083489_7099939519364861230.mp3,Happy
1_farmerbeane_1668252112_7165088222630956290.mp3,Cheerful
0_fundiambb1_1663610988_7145154690056047915.mp3,Emotional
2_goodlife688_1627044865_6988104457498135814.mp3,Powerful
2__nht69_1597068482_6859356856771693826.mp3,Emotional
0_smallbrainedamerican_1673450831_7187416453719526699.mp3,Passionate
0_dominikzky_1646677702_7072426875028524293.mp3,Positive
1_tehareshubhamofficial1_1571461721_6749376682865577217.mp3,Romantic
1_mrbutchbouchard_1668976945_7168201380908436742.mp3,Powerful
0__karinadk__1668319069_7165375762378312966.mp3,Melancholic
0_worldofguns56_1669691743_7171271401993702662.mp3,Melancholic
0_vladymirfedorov_1667569075_7162154606435388677.mp3,Passionate
0_bee.bois_1648520749_7080342696174324998.mp3,Mysterious
1_ssstik.io_1673709233678.mp3,Sad
2_bcachannel_1596342568_6856239072764038401.mp3,Dramatic
0_linvenaa_1649329976_7083818301725396229.mp3,Dramatic
2_immismm_1608964915_6910451678470835458.mp3,Sad
1_themothergothel_1660999089_7133936745812348166.mp3,Joyful
1_scottybaros_1654414320_7105655388611169578.mp3,Dark
2_gaixinhfullhd_1596626633_6857459127132720385.mp3,Serious
0_fundiambb1_1663616822_7145179754914680110(1).mp3,Melancholic
1_crazy_mind_09_1571844735_6751021698893499650.mp3,Brooding
1_lisarawlings6_1659073036_7125664385397247234.mp3,Cheerful
2_ibra_cats_1625763204_6982599778358152453.mp3,Dramatic
1_ssstik.io_1673710321928.mp3,Emotional
1_butchbouchardq17_1660248441_7130712745607023878.mp3,Melancholic
1_thedollarvigilante_1665150694_7151767751197986054.mp3,Triumphant
1_gladdebilnaad_1652630936_7097995813602856197.mp3,Mysterious
1_ssstik.io_1673708521736.mp3,Serious
1_eyeswideopen1984_1672813448_7184678972188413190.mp3,Dramatic
2_arteereview_1605169262_6894149476055862530.mp3,Dramatic
0_holovakha.nikol_1648136779_7078693562614877445.mp3,Powerful
0_rainmlt_1658245412_7122109800997031173.mp3,Melancholic
2_brakence_1670469186_7174610487034858794.mp3,Majestic
0_fundiambb1_1645758963_7068480920658939183.mp3,Melancholic
2_future_visi0n_1606289040_6898958885906910466.mp3,Joyful
0_tekhas_thasuke_witko_1651610860_7093614624423087406.mp3,Triumphant
0_morganlee343_1647357100_7075344866636582190.mp3,Dramatic
2_soyeluniverso_1641680247_7050962968762207494.mp3,Dramatic
1_shadowgovernmentbooks_1674495704_7191904262111251717.mp3,Mysterious
2_kunya_1256__1581404296_6792079716200369410.mp3,Brooding
1_butchbouchardq17_1659386195_7127009416657882373.mp3,Powerful
1_Cópia de tehareshubhamofficial1_1571461721_6749376682865577217.mp3,Romantic
1_mrbutchbouchard_1674006042_7189801179268828422.mp3,Joyful
1_originalcuddles_1625113733_6979810309074636038.mp3,Mysterious
1_themadartwumin_1656420567_7114272142556007685.mp3,Melancholic
0_fundiambb1_1668108992_7164473517155683626.mp3,Powerful
0_jv_military_1649844034_7086026159544159493.mp3,Emotional
0_bbcnews_1649183481_7083189112143891717.mp3,Melancholic
